DateTime;Open;High;Low;Close;Volume
2015-01-01;322.31;322.9;313.81;314.96;5178.767546510055
2015-01-02;314.54;316.74;313.28;315.81;3834.5440082900136
2015-01-03;315.8;315.99;277.5;279.3;47448.896098659774
2015-01-04;279.3;288.74;255.03;264.19;81205.72689818848
2015-01-05;264.04;280.44;263.75;274.84;50869.734678000066
2015-01-06;274.85;291.94;272.1;288.43;36115.59028904914
2015-01-07;288.36;303.33;284.0;297.99;31046.894169069434
2015-01-08;297.89;298.47;282.01;283.21;32664.981656278458
2015-01-09;283.99;297.32;280.4;290.51;28829.158753548847
2015-01-10;290.58;292.1;275.0;276.03;25031.95462854897
2015-01-11;276.01;282.86;265.83;267.27;22815.02462214967
2015-01-12;267.54;274.44;266.24;268.75;21418.479958429914
2015-01-13;268.6;269.66;219.0;228.07;150459.10194833108
2015-01-14;228.49;228.49;166.45;182.0;269565.29979511973
2015-01-15;181.0;230.74;179.05;209.81;184371.65353224138
2015-01-16;209.81;223.1;197.72;208.5;80331.4651895499
2015-01-17;208.52;214.0;192.2;201.24;48913.36512219965
2015-01-18;200.31;222.0;194.0;211.03;65568.72956004934
2015-01-19;210.98;219.95;207.0;216.2;32438.305494009062
2015-01-20;216.14;219.25;203.7;212.11;52169.96449951887
2015-01-21;212.1;230.0;211.0;228.08;57794.88598029053
2015-01-22;228.05;242.0;225.29;234.7;57343.01438333875
2015-01-23;234.7;236.98;225.13;233.12;40153.10221793815
2015-01-24;233.37;249.77;229.03;248.66;40097.042593949125
2015-01-25;248.94;259.39;245.0;254.73;54049.081403040575
2015-01-26;254.72;315.0;254.65;276.01;205992.02467918044
2015-01-27;276.01;280.37;250.0;265.09;81712.86714802106
2015-01-28;265.55;269.97;226.35;234.5;87045.98063215963
2015-01-29;234.49;239.33;220.0;233.01;60109.92091167972
2015-01-30;233.7;243.89;224.22;226.45;51257.891705949194
2015-01-31;226.47;234.03;213.1;215.8;48929.51091026965
2015-02-01;215.91;233.32;211.02;226.92;55663.95598381776
2015-02-02;226.86;247.5;222.5;238.99;52340.34350407923
2015-02-03;238.86;248.42;222.66;227.96;81380.30367240995
2015-02-04;227.81;233.0;220.23;227.8;44328.27883201949
2015-02-05;227.79;228.8;210.12;216.47;37869.95924451986
2015-02-06;216.43;225.88;215.0;222.65;35652.27922932948
2015-02-07;222.66;239.78;222.66;228.8;35471.83677372935
2015-02-08;228.8;232.9;221.1;223.85;26127.263547319413
2015-02-09;224.13;225.98;215.33;220.48;48175.34835692046
2015-02-10;220.48;223.88;214.0;220.87;29287.58484414857
2015-02-11;220.75;224.4;218.1;219.8;19279.645342390108
2015-02-12;219.8;223.2;217.8;222.39;19995.20975134001
2015-02-13;222.56;242.5;221.46;236.13;68319.49565944127
2015-02-14;235.8;261.3;235.51;257.0;80559.73017417082
2015-02-15;257.01;268.54;228.2;235.88;103145.29817953047
2015-02-16;235.34;243.65;228.62;233.5;47236.52233565056
2015-02-17;233.5;246.28;231.5;244.0;40898.785943849376
2015-02-18;243.82;244.99;231.01;236.26;39347.85942677046
2015-02-19;236.27;243.42;234.97;240.0;23847.93733587993
2015-02-20;240.2;248.98;238.95;244.5;31341.127210038554
2015-02-21;244.51;247.73;243.28;245.54;16187.366900330353
2015-02-22;245.53;247.78;232.1;236.5;33576.50106107948
2015-02-23;236.5;241.0;232.61;239.4;23852.27131740998
2015-02-24;239.33;240.99;236.7;239.73;16615.814560590126
2015-02-25;239.95;240.83;235.53;237.99;13529.62773046994
2015-02-26;237.98;238.33;233.62;236.93;18687.246865810048
2015-02-27;236.93;262.8;236.64;255.05;69855.1332943701
2015-02-28;255.06;257.4;251.25;255.7;17286.145573950154
2015-03-01;255.7;266.91;245.65;262.4;47597.424668190695
2015-03-02;262.47;279.61;258.98;277.41;67168.44049787991
2015-03-03;277.3;294.0;267.04;283.75;81226.39829686015
2015-03-04;283.8;285.99;267.0;273.33;71521.58776592951
2015-03-05;272.92;284.99;262.0;277.69;66108.88463391214
2015-03-06;277.69;279.75;268.8;273.36;40276.57196985037
2015-03-07;273.27;280.76;270.55;276.97;22856.94560365982
2015-03-08;276.98;278.68;271.61;275.59;13853.794890260098
2015-03-09;275.58;295.0;275.01;291.0;62908.377680121535
2015-03-10;291.04;303.96;289.03;292.62;67389.78219450002
2015-03-11;292.64;298.75;291.0;296.6;25811.47179038964
2015-03-12;296.52;298.8;291.04;295.55;27275.117559379472
2015-03-13;295.52;295.91;282.13;283.18;46670.67482155002
2015-03-14;283.18;287.6;281.36;282.6;23011.197460899893
2015-03-15;282.54;287.8;281.59;286.9;13427.56794899032
2015-03-16;286.71;295.2;286.45;291.22;22313.424618658897
2015-03-17;291.24;292.9;281.56;285.25;22235.369854520162
2015-03-18;285.11;285.25;248.0;257.21;89923.41572829925
2015-03-19;257.2;269.5;246.98;261.98;78451.53717571993
2015-03-20;261.7;267.0;259.36;262.19;16197.477967690093
2015-03-21;262.18;263.01;255.1;260.47;15082.649219000163
2015-03-22;260.6;270.8;259.74;268.82;18263.490755229977
2015-03-23;268.6;271.5;262.0;267.23;23532.384930219596
2015-03-24;267.31;268.4;241.39;246.0;64117.869871471376
2015-03-25;246.0;250.95;235.7;246.29;53254.53178151114
2015-03-26;246.29;255.0;244.5;249.33;33260.96841260913
2015-03-27;249.21;250.45;245.23;246.5;22731.111935799636
2015-03-28;246.5;255.96;246.49;252.95;17724.68773237022
2015-03-29;252.9;253.01;238.89;242.74;31825.768349268736
2015-03-30;242.9;250.98;236.24;247.93;30725.359919839062
2015-03-31;247.93;248.8;242.0;244.51;22340.601946700015
2015-04-01;244.56;248.71;239.21;246.93;23555.269575339462
2015-04-02;247.07;254.94;243.0;253.23;26215.54310422994
2015-04-03;253.33;256.49;250.31;254.24;28294.992817099588
2015-04-04;254.24;255.7;250.32;253.6;9458.996558880082
2015-04-05;253.7;261.25;251.55;260.5;23998.874494599957
2015-04-06;260.75;262.45;253.4;255.73;20821.287882050034
2015-04-07;255.62;257.9;253.01;253.7;10602.252119890058
2015-04-08;253.7;254.99;242.72;244.92;39627.091426250045
2015-04-09;244.94;246.79;236.5;243.58;22642.235553089664
2015-04-10;243.56;243.74;230.75;236.12;37332.556956169996
2015-04-11;236.12;240.58;233.72;236.86;17745.943558390147
2015-04-12;236.83;238.7;232.38;236.38;10100.95286180002
2015-04-13;236.21;237.7;220.14;224.9;47137.09401198017
2015-04-14;224.9;225.75;216.37;220.16;40768.8300318196
2015-04-15;220.1;224.75;219.01;223.98;24034.52460674001
2015-04-16;223.8;230.0;223.01;228.14;28949.227537569797
2015-04-17;228.23;228.98;219.58;222.4;27060.860746099916
2015-04-18;222.39;224.16;219.94;223.08;11898.008681010037
2015-04-19;223.23;227.0;222.1;222.16;17571.785468450107
2015-04-20;222.28;227.0;221.24;224.21;19932.04806584988
2015-04-21;224.21;236.99;224.16;236.96;31768.4230911101
2015-04-22;236.18;238.99;232.0;234.14;22065.58915187983
2015-04-23;234.35;237.22;233.0;236.01;8848.921208240048
2015-04-24;235.82;236.51;228.7;231.38;22481.38342875968
2015-04-25;231.21;232.7;225.35;226.01;13390.728758350093
2015-04-26;226.1;226.84;213.92;219.7;40909.656498319404
2015-04-27;219.73;232.49;218.24;226.91;35237.99532263983
2015-04-28;227.44;228.05;222.16;225.3;17189.697328670067
2015-04-29;225.3;227.8;222.66;225.23;12204.237091900035
2015-04-30;225.56;240.89;224.63;236.11;41361.85775564005
2015-05-01;236.18;239.25;231.26;231.78;17016.639858930033
2015-05-02;231.75;235.79;231.75;234.81;8932.200581869994
2015-05-03;234.76;243.73;233.75;240.57;19159.47837938006
2015-05-04;240.69;243.6;236.98;238.54;24658.093285310017
2015-05-05;238.68;239.49;231.05;235.87;26115.907707628732
2015-05-06;235.85;236.75;226.42;229.27;47524.99716568956
2015-05-07;229.04;239.79;227.81;237.3;27216.12711777937
2015-05-08;237.3;249.22;236.2;244.5;31065.29966056905
2015-05-09;244.52;249.21;240.1;242.54;19372.31104584986
2015-05-10;242.53;245.95;238.79;240.73;11933.406653510014
2015-05-11;240.8;245.49;238.5;242.46;15989.07724903009
2015-05-12;242.44;244.67;240.86;241.92;13639.32470388002
2015-05-13;242.01;245.0;234.22;235.7;27912.305639229882
2015-05-14;235.72;238.39;232.1;236.7;19130.363731680005
2015-05-15;236.7;239.0;233.88;237.3;9526.75229743002
2015-05-16;237.24;237.58;234.0;235.7;6100.362871390015
2015-05-17;235.85;238.24;235.6;236.15;4806.5601557400105
2015-05-18;236.25;237.25;229.0;232.82;14181.5302039301
2015-05-19;232.83;233.99;231.19;231.7;5868.661401370035
2015-05-20;231.56;235.24;231.56;234.24;11419.180367010047
2015-05-21;234.26;236.5;233.9;235.27;10508.63081480002
2015-05-22;235.25;241.83;234.59;240.97;22839.333697769962
2015-05-23;240.97;241.2;237.54;238.81;8514.038277379996
2015-05-24;238.86;242.98;238.52;240.96;7277.277084440009
2015-05-25;240.92;241.12;236.1;237.1;8684.72025188011
2015-05-26;237.1;238.5;235.26;237.36;8818.487223630069
2015-05-27;237.37;239.3;235.0;236.48;9190.040450760016
2015-05-28;236.75;237.5;235.85;236.86;5791.2187079000605
2015-05-29;236.83;237.16;235.02;236.52;6839.528843700132
2015-05-30;236.72;236.73;228.2;232.54;14770.990402600084
2015-05-31;232.35;232.69;227.0;228.7;11657.274491800103
2015-06-01;228.38;230.89;219.71;222.0;31722.403628330067
2015-06-02;222.01;226.0;220.97;224.68;16451.17196391997
2015-06-03;224.7;227.0;222.26;225.14;17205.46368926002
2015-06-04;225.14;225.77;222.64;223.24;11211.322435400063
2015-06-05;223.24;229.23;222.65;224.51;17603.334919230067
2015-06-06;224.7;228.0;223.9;225.66;6830.975983460006
2015-06-07;225.69;227.0;222.29;223.26;17255.895481479907
2015-06-08;223.29;230.63;223.25;228.76;28828.662382480034
2015-06-09;228.79;232.07;227.79;229.06;16389.23268951016
2015-06-10;229.06;229.97;227.48;228.6;10773.512622760145
2015-06-11;228.61;230.7;228.6;230.0;9540.223746160205
2015-06-12;229.99;231.34;229.11;229.55;9752.03407847004
2015-06-13;229.51;234.3;228.4;232.87;11058.627095090042
2015-06-14;232.86;235.44;232.51;233.54;8262.111096590063
2015-06-15;233.5;238.16;233.35;236.98;19153.661362609928
2015-06-16;236.97;254.0;236.0;252.17;50864.758323821385
2015-06-17;252.19;259.1;246.0;248.95;47507.56832004957
2015-06-18;248.96;253.7;243.0;249.51;27557.794017728993
2015-06-19;249.38;252.13;243.5;244.56;23929.355700239892
2015-06-20;244.56;245.9;240.0;245.38;23906.500214340213
2015-06-21;245.38;245.69;241.09;244.25;8170.861770020088
2015-06-22;244.25;247.99;243.5;246.67;18508.52655820019
2015-06-23;246.69;247.35;242.0;244.25;11550.643655440168
2015-06-24;244.19;244.19;239.0;239.8;15567.444066280133
2015-06-25;239.75;243.0;239.5;242.05;8703.176192500037
2015-06-26;242.15;243.9;240.61;243.29;10163.370705500007
2015-06-27;243.29;251.77;242.6;251.61;18134.806469989926
2015-06-28;251.6;252.06;247.25;248.71;12904.130852380094
2015-06-29;248.71;257.74;248.57;256.69;34766.031629739715
2015-06-30;256.7;269.0;253.05;263.07;47278.28915101996
2015-07-01;262.9;264.81;252.77;258.1;21543.00131961944
2015-07-02;258.08;262.61;253.0;254.52;17333.69829282001
2015-07-03;254.52;256.9;252.11;256.09;11646.455995540096
2015-07-04;256.12;262.64;253.57;260.58;9650.009147110062
2015-07-05;260.57;275.88;258.0;271.96;47847.85650460032
2015-07-06;271.82;278.69;267.33;269.23;56663.3721803999
2015-07-07;269.24;271.5;262.61;265.72;22261.54092506998
2015-07-08;265.78;274.11;263.0;270.52;35178.24762291025
2015-07-09;270.49;274.0;266.22;269.23;24012.137251439042
2015-07-10;269.22;296.1;268.58;285.36;89653.52305406412
2015-07-11;285.35;301.49;283.46;293.18;39246.40431142952
2015-07-12;293.19;316.23;291.81;311.15;60434.984018220086
2015-07-13;311.18;312.0;281.5;292.65;74185.04905933954
2015-07-14;292.6;297.25;286.0;286.83;23532.186159998575
2015-07-15;286.87;294.44;283.51;285.42;21724.733369890102
2015-07-16;285.42;295.0;275.21;278.94;52862.423272790096
2015-07-17;278.93;281.55;272.0;279.82;25360.43591806015
2015-07-18;279.52;283.33;276.12;277.25;15393.905198210057
2015-07-19;277.25;279.18;274.69;275.04;8015.116445910095
2015-07-20;275.04;280.5;273.5;280.2;12344.241550540044
2015-07-21;280.2;282.1;275.09;275.55;13041.150582520073
2015-07-22;275.55;278.39;274.5;277.99;10965.624960059999
2015-07-23;277.88;278.44;275.56;276.51;5434.124773480029
2015-07-24;276.48;289.93;276.02;288.6;24289.517135709746
2015-07-25;288.58;292.35;286.39;289.37;11608.530055539837
2015-07-26;289.36;294.57;288.12;293.01;9326.277816540196
2015-07-27;293.0;298.74;286.0;294.84;25470.112077449066
2015-07-28;294.73;298.93;293.61;295.23;14363.192703519951
2015-07-29;295.24;295.68;286.02;289.92;15838.214410380182
2015-07-30;289.92;291.0;284.01;288.21;12138.697133409993
2015-07-31;288.02;289.85;281.0;284.45;14587.8217347302
2015-08-01;284.45;284.99;276.53;280.31;12322.367910250034
2015-08-02;280.31;283.44;276.26;282.44;11744.262928719965
2015-08-03;282.44;287.05;279.7;281.28;14793.628732140123
2015-08-04;281.28;285.94;281.28;285.47;11989.287824000141
2015-08-05;285.47;285.94;279.7;282.41;8849.632246700048
2015-08-06;282.58;282.58;278.0;279.08;8941.090098780094
2015-08-07;279.08;281.0;276.07;280.19;12711.18708131002
2015-08-08;280.04;280.32;260.62;261.34;36959.89705772951
2015-08-09;261.43;267.6;260.73;265.58;20867.962251439803
2015-08-10;265.69;267.72;262.17;265.1;10783.260243750194
2015-08-11;265.09;272.99;264.81;271.96;12654.873808700137
2015-08-12;271.97;273.75;265.8;267.09;16300.516077370432
2015-08-13;267.09;268.0;263.33;264.47;12871.17274446043
2015-08-14;264.47;268.97;262.13;266.09;13586.587360540125
2015-08-15;266.32;267.76;260.96;262.2;10398.48328344014
2015-08-16;262.04;262.9;256.5;259.9;27231.341181199587
2015-08-17;259.9;262.37;257.4;258.49;9940.919399620041
2015-08-18;258.5;258.5;162.0;214.0;88032.39934147075
2015-08-19;214.09;255.08;198.0;226.32;78315.06980800962
2015-08-20;226.27;237.94;226.27;235.54;26308.870332289764
2015-08-21;235.55;236.43;228.76;232.17;13064.183583590358
2015-08-22;232.46;234.71;221.77;230.27;20895.613416809767
2015-08-23;230.33;232.88;223.05;228.53;12119.38389326006
2015-08-24;228.1;228.69;207.62;210.5;53295.40793750034
2015-08-25;210.49;228.77;196.6;222.68;69277.66517373954
2015-08-26;222.68;232.38;220.1;226.12;23772.395953610114
2015-08-27;226.13;229.5;224.0;225.76;11742.600585420649
2015-08-28;225.66;238.9;220.11;231.83;27328.703368359187
2015-08-29;232.08;234.03;227.16;230.75;10072.007419020252
2015-08-30;230.9;233.96;225.2;229.99;8821.01196508001
2015-08-31;229.99;233.69;225.31;231.35;10923.583399070125
2015-09-01;231.06;232.39;226.55;228.24;9810.611827330114
2015-09-02;228.24;231.89;226.51;229.71;9011.856467250098
2015-09-03;229.71;229.96;226.1;227.25;6915.709671040035
2015-09-04;227.29;231.66;227.01;230.89;10799.598315180154
2015-09-05;230.88;239.76;230.01;235.84;12199.23029430019
2015-09-06;235.84;248.48;235.5;240.97;20519.614031039502
2015-09-07;241.0;243.0;239.03;240.85;6949.441157790075
2015-09-08;240.91;247.68;240.27;244.2;16374.811754580382
2015-09-09;244.2;245.57;238.38;239.07;14351.38526353012
2015-09-10;238.97;241.9;237.01;239.49;10791.492806040324
2015-09-11;239.4;242.89;228.42;240.6;10243.492035090077
2015-09-12;240.9;241.0;235.33;235.77;9280.942915210137
2015-09-13;235.86;236.85;228.95;230.96;10215.583029140076
2015-09-14;231.11;233.9;228.4;230.89;9416.990722880053
2015-09-15;231.07;232.93;227.33;230.93;7621.528125070036
2015-09-16;230.91;232.12;227.38;228.99;8185.353556170145
2015-09-17;228.99;235.94;228.99;233.61;12037.789945620074
2015-09-18;233.65;236.26;227.0;228.34;9007.772552590124
2015-09-19;233.79;234.19;231.5;232.09;4329.1572734200145
2015-09-20;232.01;233.38;231.4;232.12;3457.17417392999
2015-09-21;232.11;232.97;226.38;227.22;9274.07985298007
2015-09-22;227.25;233.95;224.25;231.11;18854.936608829947
2015-09-23;231.43;233.0;230.03;230.54;5720.275474650018
2015-09-24;230.57;236.25;230.54;234.65;15377.240966720165
2015-09-25;234.65;237.7;233.05;235.26;9861.427777099965
2015-09-26;235.39;235.95;233.75;234.63;4796.048117480021
2015-09-27;234.63;234.78;233.0;233.37;2592.0015538299995
2015-09-28;233.37;241.44;233.37;240.43;12488.220159990176
2015-09-29;240.43;241.5;236.61;236.8;9459.778905360072
2015-09-30;236.9;238.78;235.11;236.49;5152.915200890015
2015-10-01;236.72;240.09;236.19;238.48;6107.430969470034
2015-10-02;238.25;240.0;237.33;237.86;5607.989364589998
2015-10-03;237.84;241.11;237.68;239.79;6221.097362500028
2015-10-04;239.73;240.93;239.29;239.5;2081.9424153699965
2015-10-05;239.47;242.89;236.24;242.0;12198.937020280227
2015-10-06;242.01;249.01;241.51;247.36;16277.349544900164
2015-10-07;247.35;247.93;243.5;244.0;8806.626528770086
2015-10-08;244.0;245.65;242.62;243.0;6046.705283539993
2015-10-09;242.99;245.45;242.63;244.82;3572.489262149995
2015-10-10;244.93;246.41;243.5;246.01;4196.526677410012
2015-10-11;245.93;248.73;243.75;247.99;4868.941701890049
2015-10-12;247.92;248.45;245.21;246.17;5203.509982030038
2015-10-13;246.15;253.43;244.0;251.25;16746.31969231019
2015-10-14;251.08;255.95;250.1;253.5;10143.266936650085
2015-10-15;253.5;257.5;253.44;255.19;10462.870492320108
2015-10-16;255.19;267.83;254.91;263.45;21966.84227808004
2015-10-17;263.47;275.19;258.32;272.9;42840.66767714943
2015-10-18;272.9;274.66;263.3;265.01;15347.193091630204
2015-10-19;265.29;268.28;262.35;265.1;10903.419168970106
2015-10-20;265.02;273.97;264.39;270.97;14439.644085140011
2015-10-21;270.99;272.28;264.1;267.8;10617.446295940053
2015-10-22;267.99;279.97;267.3;275.83;27240.769584500067
2015-10-23;275.83;280.9;275.15;279.21;15857.563337830137
2015-10-24;279.04;284.47;279.0;284.19;13934.586567240396
2015-10-25;284.19;295.99;281.2;284.79;40017.65079689933
2015-10-26;284.7;287.92;282.25;287.22;17157.556275239873
2015-10-27;287.22;298.86;286.71;295.29;26822.842290729448
2015-10-28;295.29;307.99;295.29;304.5;35610.63970486943
2015-10-29;304.5;321.53;301.5;314.88;51213.843312279976
2015-10-30;314.23;336.0;313.82;328.19;62862.23793759053
2015-10-31;328.2;335.87;307.2;316.0;42942.3117877901
2015-11-01;316.0;333.49;313.6;330.23;25673.087017649857
2015-11-02;330.23;373.12;326.8;365.33;71218.14798775043
2015-11-03;365.08;423.88;361.11;405.0;171811.47423274157
2015-11-04;404.98;504.0;366.66;409.24;274470.23823394766
2015-11-05;409.23;449.95;370.0;387.14;157932.0479826522
2015-11-06;387.93;396.78;351.2;375.56;106656.20529615282
2015-11-07;375.56;392.23;371.32;384.99;34416.713462930195
2015-11-08;384.28;390.33;365.56;374.1;30831.923010959825
2015-11-09;374.52;388.99;360.0;381.1;38111.9548491391
2015-11-10;381.1;383.4;327.02;340.18;88482.28569644043
2015-11-11;340.18;343.79;300.28;314.45;117018.93148586505
2015-11-12;314.45;346.44;314.14;336.84;57236.75520545162
2015-11-13;336.86;343.75;326.22;338.53;29935.630229709015
2015-11-14;338.54;340.72;328.5;333.37;20324.626769260223
2015-11-15;333.39;336.6;315.0;320.52;31597.167862849823
2015-11-16;320.8;335.0;315.2;332.1;25747.01423645007
2015-11-17;332.16;342.5;331.05;336.29;27167.97701985966
2015-11-18;336.29;338.99;327.91;335.94;15625.538319710211
2015-11-19;335.83;336.57;324.02;326.5;18932.5528605301
2015-11-20;326.49;326.77;309.46;322.2;30160.010247538885
2015-11-21;322.29;329.35;318.95;327.84;10478.855716170083
2015-11-22;327.84;327.85;320.36;324.66;7051.9099903400665
2015-11-23;324.66;327.5;320.9;323.63;7775.6751574101745
2015-11-24;323.65;323.77;315.55;320.1;9618.010490050066
2015-11-25;320.49;332.43;316.02;329.85;20618.165699520017
2015-11-26;329.85;369.9;329.35;354.0;81494.12980638833
2015-11-27;354.0;367.0;348.18;358.9;34902.85886151989
2015-11-28;359.0;362.44;351.0;358.6;19427.67778839941
2015-11-29;358.54;376.0;355.17;373.89;25800.689517829585
2015-11-30;373.84;384.99;368.11;376.88;47495.85537836257
2015-12-01;376.89;379.99;353.1;362.59;44101.91747801963
2015-12-02;362.59;363.22;346.13;359.12;31554.77112147918
2015-12-03;359.12;371.5;352.25;360.53;27383.799896089593
2015-12-04;360.62;364.4;354.31;363.17;14651.487495970036
2015-12-05;363.04;395.0;362.08;389.79;46142.29540095569
2015-12-06;390.01;407.57;386.01;390.6;60599.92466398972
2015-12-07;390.88;404.24;384.53;396.7;33608.011666119084
2015-12-08;397.0;422.39;388.37;422.0;33197.623229099554
2015-12-09;422.0;426.59;405.0;418.73;52055.32070854029
2015-12-10;418.86;421.82;411.09;414.94;21325.443675719904
2015-12-11;414.88;458.99;414.8;457.0;75656.53043328003
2015-12-12;456.32;475.04;402.5;435.61;104706.95104447857
2015-12-13;435.61;443.92;415.24;433.36;33630.91541409934
2015-12-14;432.91;450.0;427.3;442.59;27298.367131309693
2015-12-15;442.55;467.29;442.51;466.01;41307.2211420201
2015-12-16;466.43;469.99;440.0;454.94;67047.01540226
2015-12-17;454.94;458.56;446.21;455.57;17868.855585929912
2015-12-18;455.71;466.6;450.1;463.52;27050.451544759482
2015-12-19;463.51;467.0;452.0;462.44;21223.579722080114
2015-12-20;462.45;462.78;431.5;442.62;46323.16552624997
2015-12-21;442.62;447.45;424.37;437.52;43203.805052199605
2015-12-22;437.81;443.64;433.0;435.65;18516.120848540086
2015-12-23;435.05;445.76;433.62;442.62;16464.786777450066
2015-12-24;442.62;459.1;442.45;456.13;19865.73831943
2015-12-25;456.02;460.0;445.0;455.47;15176.728026320183
2015-12-26;455.3;460.05;405.5;416.51;96491.88017170315
2015-12-27;416.35;424.89;407.0;422.32;27798.815510729753
2015-12-28;421.82;429.0;417.01;420.24;24284.330076609436
2015-12-29;420.11;433.55;418.01;431.79;22073.56319970867
2015-12-30;431.77;434.0;420.0;423.55;22247.59645833987
2015-12-31;423.51;432.59;412.5;429.02;21403.65928212969
2016-01-01;429.17;436.49;426.26;433.98;13077.668908090154
2016-01-02;433.89;435.8;430.0;432.7;6347.952930870056
2016-01-03;432.66;433.07;421.73;428.39;19201.833363170073
2016-01-04;428.63;435.67;426.97;432.9;12950.38203246012
2016-01-05;432.61;434.91;427.91;431.84;11172.003817340024
2016-01-06;431.99;432.24;425.03;428.89;9440.11476438009
2016-01-07;428.2;462.0;427.11;458.78;55448.62348451022
2016-01-08;458.41;465.0;446.55;454.0;29967.953086949874
2016-01-09;454.0;456.01;447.07;449.23;8950.47934716013
2016-01-10;449.23;450.26;441.01;449.35;13778.255966589966
2016-01-11;449.34;452.49;443.42;449.26;14814.611919910152
2016-01-12;449.26;449.98;427.01;432.04;20739.28807916013
2016-01-13;431.99;436.36;416.0;431.11;33154.90771328927
2016-01-14;431.09;435.0;426.0;429.25;13304.537786190007
2016-01-15;429.27;429.43;357.02;359.16;123890.27071976822
2016-01-16;359.16;392.5;352.5;388.4;74062.26019306092
2016-01-17;388.43;393.31;378.76;382.02;20715.0043007396
2016-01-18;382.11;390.0;375.01;387.1;19469.044043689875
2016-01-19;387.04;388.61;377.41;378.93;17187.636038820216
2016-01-20;378.94;428.0;375.01;419.55;82802.50152887062
2016-01-21;419.65;424.57;405.0;411.01;29020.246475599495
2016-01-22;411.0;411.2;371.25;380.96;62213.91956269009
2016-01-23;381.0;394.81;379.85;385.57;21470.918502969747
2016-01-24;385.55;407.33;385.1;402.77;23219.927837279884
2016-01-25;402.76;402.77;384.0;390.96;22664.63967212988
2016-01-26;390.91;398.0;386.66;391.41;13322.870429170203
2016-01-27;391.23;396.99;389.66;394.97;8538.432035690046
2016-01-28;394.7;395.48;375.01;378.39;25024.08113808977
2016-01-29;378.15;386.0;360.03;377.6;62204.81102909039
2016-01-30;377.4;380.6;374.0;376.56;10501.947978230022
2016-01-31;376.31;378.9;362.57;365.52;14887.778690270176
2016-02-01;365.58;379.27;363.23;371.42;24797.196758549686
2016-02-02;371.22;374.8;369.69;372.9;10443.462138560173
2016-02-03;372.9;374.0;365.65;368.98;13195.150196850062
2016-02-04;369.0;393.89;368.65;389.96;37339.91926219932
2016-02-05;389.98;393.0;384.19;386.54;16879.235868740143
2016-02-06;386.54;386.54;365.0;373.75;40202.13384673973
2016-02-07;373.71;377.8;369.17;372.01;13056.062393660148
2016-02-08;372.26;377.0;369.01;370.49;16881.20552174015
2016-02-09;370.29;377.96;370.04;374.31;9216.51889923005
2016-02-10;374.43;387.0;373.13;381.17;33532.245858179536
2016-02-11;380.97;383.23;372.25;377.99;14521.328019790071
2016-02-12;378.0;383.53;377.04;382.94;10146.83584537006
2016-02-13;382.94;393.0;382.55;393.0;14755.537655910162
2016-02-14;392.99;408.66;392.93;408.3;29423.67609439953
2016-02-15;408.3;412.5;395.23;399.9;30129.685193289966
2016-02-16;400.08;408.77;398.66;407.27;13991.056777410102
2016-02-17;407.37;421.9;405.16;414.88;30400.764893609914
2016-02-18;414.89;426.21;412.51;421.5;25228.63442937999
2016-02-19;421.51;422.54;412.0;419.85;13268.556246830109
2016-02-20;419.72;445.96;419.72;438.7;47477.18201239002
2016-02-21;438.73;451.6;428.01;440.49;43012.36409729954
2016-02-22;440.49;442.5;433.01;440.27;16337.466439880212
2016-02-23;440.25;442.67;416.24;421.4;32431.14307513074
2016-02-24;421.5;427.5;409.69;426.36;22426.108997230327
2016-02-25;426.36;430.0;419.5;424.88;13595.76030845033
2016-02-26;424.89;435.9;419.83;435.49;18860.341893470344
2016-02-27;435.49;438.6;431.81;434.3;11592.353368190239
2016-02-28;434.03;437.89;422.1;434.45;19852.271098541023
2016-02-29;434.46;445.0;430.51;438.99;20389.46046158061
2016-03-01;439.53;442.79;427.26;434.82;19625.832775420673
2016-03-02;434.99;436.45;421.11;422.09;16463.129152610763
2016-03-03;421.7;424.43;416.4;420.56;20874.05140072991
2016-03-04;420.19;423.99;407.5;408.82;21749.419855930013
2016-03-05;408.71;410.14;389.0;397.36;46951.85160138023
2016-03-06;397.37;409.5;392.01;403.75;19707.204719970003
2016-03-07;403.77;415.8;401.51;412.7;15306.221330260063
2016-03-08;412.62;416.0;406.0;411.35;10227.455512020048
2016-03-09;411.34;414.5;407.47;413.05;9027.753218880063
2016-03-10;412.9;418.24;410.68;416.51;13709.082920749908
2016-03-11;416.64;423.6;415.5;420.47;15464.778642660029
2016-03-12;420.49;421.81;406.38;410.01;17020.425544630074
2016-03-13;410.01;416.0;410.0;411.87;7628.342534440028
2016-03-14;412.0;417.99;411.7;415.91;9210.432258500037
2016-03-15;415.99;418.82;412.78;415.5;9632.105654380004
2016-03-16;415.52;418.0;413.96;417.28;7066.7064469199995
2016-03-17;417.28;420.6;416.67;418.75;8308.821378350045
2016-03-18;418.71;418.86;403.01;407.86;21090.86035611995
2016-03-19;407.5;412.0;404.0;408.68;8954.99064014006
2016-03-20;408.7;413.2;407.92;411.25;5655.496142400099
2016-03-21;410.81;412.14;406.0;411.88;7818.387808420049
2016-03-22;411.85;418.68;409.88;417.7;10196.10581222004
2016-03-23;417.7;419.72;415.83;418.12;7195.021234230001
2016-03-24;418.12;418.13;414.0;415.3;7559.671086359985
2016-03-25;415.3;417.03;413.03;416.0;3690.245880630004
2016-03-26;416.02;419.4;413.2;416.71;5039.7393594199875
2016-03-27;416.72;431.0;415.79;427.36;22410.756896220017
2016-03-28;427.34;427.99;422.38;424.06;9241.016499830115
2016-03-29;424.03;426.41;406.51;416.0;23306.73060021919
2016-03-30;415.87;416.0;408.58;413.12;9037.930675350062
2016-03-31;413.04;418.25;413.04;416.02;7268.31765999004
2016-04-01;416.34;417.9;414.0;417.9;5456.769438870039
2016-04-02;417.89;422.8;417.53;420.3;6070.788239340489
2016-04-03;420.31;421.82;416.0;420.6;4254.119948250001
2016-04-04;420.99;421.2;416.24;420.46;5751.293142379993
2016-04-05;420.46;425.0;419.61;423.75;7261.820826750031
2016-04-06;423.75;424.68;421.69;422.57;5680.193073060005
2016-04-07;422.52;422.86;417.78;422.28;7727.14024559007
2016-04-08;422.29;424.49;415.5;418.5;9847.578526090048
2016-04-09;418.23;418.76;412.0;418.47;6326.9734985500545
2016-04-10;418.48;422.9;417.49;421.32;4248.021756400046
2016-04-11;421.32;423.9;418.8;423.74;6404.839315099995
2016-04-12;423.75;430.0;423.56;426.59;14772.705072180124
2016-04-13;426.78;427.68;423.0;424.75;6666.45445863012
2016-04-14;424.77;426.49;424.01;426.01;4132.516662390005
2016-04-15;426.01;432.49;426.01;431.48;15836.344432850216
2016-04-16;431.06;435.67;430.47;432.04;7705.23014106003
2016-04-17;432.52;433.49;426.37;428.51;8483.817212520053
2016-04-18;428.51;430.91;426.52;430.03;7577.09982227003
2016-04-19;430.04;439.0;428.54;437.76;12049.763165290049
2016-04-20;437.81;446.61;436.6;443.85;21245.46997568007
2016-04-21;443.82;454.5;442.01;452.26;17836.128148700016
2016-04-22;452.01;453.15;444.51;447.8;12208.12421703018
2016-04-23;447.79;454.95;445.67;453.69;10158.088742180067
2016-04-24;453.41;464.99;450.18;463.02;24137.22663381975
2016-04-25;463.33;471.58;455.0;461.77;25926.485958799673
2016-04-26;461.77;471.99;461.77;468.14;18688.003558409855
2016-04-27;468.14;470.17;443.0;444.85;40283.22481065987
2016-04-28;445.14;450.83;435.0;450.46;25328.14705280998
2016-04-29;450.52;457.49;445.8;455.32;13419.029873500065
2016-04-30;455.33;455.98;445.01;446.6;10583.370061760057
2016-05-01;446.79;452.99;445.69;451.11;3901.3389434900114
2016-05-02;451.12;452.5;436.0;443.73;29738.73405786991
2016-05-03;443.99;452.0;440.1;450.39;12157.572085649996
2016-05-04;450.21;450.98;445.07;447.38;7045.363568920079
2016-05-05;447.22;451.68;445.51;448.4;10788.72696544013
2016-05-06;448.32;466.0;448.0;461.18;26539.51960950994
2016-05-07;461.36;463.05;458.3;460.2;7810.854923750086
2016-05-08;460.34;461.62;456.04;459.87;6454.871890500001
2016-05-09;459.88;465.4;457.8;461.56;15120.946761900035
2016-05-10;461.23;465.0;445.01;450.7;22571.93908791988
2016-05-11;450.7;454.68;450.01;452.28;8033.344469970036
2016-05-12;452.28;456.75;445.91;455.01;18088.011603890067
2016-05-13;455.0;457.66;452.0;455.76;7127.417904730105
2016-05-14;455.75;458.86;454.0;455.8;3608.8090293500304
2016-05-15;455.8;460.67;454.31;457.89;5644.052142610016
2016-05-16;457.95;458.95;451.0;453.01;8789.987837010107
2016-05-17;453.0;454.91;451.0;453.24;7609.409110390029
2016-05-18;452.71;457.0;451.53;453.52;7162.257039350016
2016-05-19;453.52;454.71;433.0;434.55;30396.81255852956
2016-05-20;434.99;443.14;433.0;441.57;14241.015744509989
2016-05-21;441.57;442.16;435.3;440.81;6222.709275549991
2016-05-22;440.88;441.0;435.1;437.48;7236.706016030031
2016-05-23;437.4;444.4;436.51;443.51;7873.12727328008
2016-05-24;443.53;447.85;442.39;445.03;8329.83371693006
2016-05-25;445.0;450.51;442.5;449.09;12353.392389210168
2016-05-26;449.09;454.8;446.01;453.95;9517.722138880103
2016-05-27;453.58;482.31;453.58;472.01;59125.7898882791
2016-05-28;472.01;543.0;471.0;526.02;74521.63290892969
2016-05-29;527.0;570.0;512.11;531.0;83566.13453409985
2016-05-30;529.97;548.5;521.11;532.89;32596.67572364909
2016-05-31;533.14;546.5;518.0;530.69;49880.61185946898
2016-06-01;530.69;546.12;523.75;536.79;27816.55857141994
2016-06-02;536.91;544.0;532.37;538.8;16882.36888075014
2016-06-03;538.9;579.94;535.65;570.87;48446.29176521974
2016-06-04;570.82;593.89;560.1;572.87;39118.52413868974
2016-06-05;573.08;586.47;564.64;574.02;28143.301081859623
2016-06-06;574.01;588.6;573.93;585.34;27464.29482303977
2016-06-07;585.59;592.08;561.3;576.88;36112.75303444942
2016-06-08;577.23;585.15;570.62;583.05;18084.176162129923
2016-06-09;583.26;584.05;569.97;575.52;21873.89242109001
2016-06-10;575.52;582.43;572.5;580.09;16178.042394170132
2016-06-11;580.08;615.0;579.29;614.51;28441.70390683962
2016-06-12;614.51;685.0;601.34;672.0;116432.04033077013
2016-06-13;671.98;719.0;658.0;705.87;117683.17615480241
2016-06-14;705.87;705.88;656.51;684.5;65715.57001677064
2016-06-15;684.5;699.4;667.89;696.99;34104.051553909565
2016-06-16;698.0;779.0;697.31;769.5;123792.10326990735
2016-06-17;769.46;780.0;702.01;747.95;97376.65112674996
2016-06-18;747.7;789.78;720.0;757.6;66955.08891906992
2016-06-19;757.63;775.0;739.0;767.3;26699.530995939585
2016-06-20;767.31;767.77;721.0;743.9;46264.53575563954
2016-06-21;742.98;742.98;635.37;668.6;102133.43481750983
2016-06-22;669.0;688.32;588.88;605.85;100527.24338806992
2016-06-23;605.87;639.0;555.56;625.8;122951.19634304232
2016-06-24;625.8;679.99;625.79;665.5;92367.92348681987
2016-06-25;665.99;698.0;640.11;664.87;55625.812189069504
2016-06-26;664.38;668.01;614.33;627.42;45122.51971244899
2016-06-27;627.75;662.33;616.07;662.33;46177.36715309028
2016-06-28;662.28;664.26;631.65;646.61;35578.38730735957
2016-06-29;646.22;646.25;621.58;640.0;33257.973199128945
2016-06-30;640.29;677.47;635.57;674.74;40248.02350750958
2016-07-01;674.57;690.62;667.61;674.75;41619.56329062955
2016-07-02;675.04;706.0;673.36;705.99;29202.518446199454
2016-07-03;705.99;706.98;644.1;659.29;44643.74663854964
2016-07-04;659.33;684.44;644.46;681.34;23524.41815460988
2016-07-05;681.35;682.7;655.3;667.8;17404.860986310086
2016-07-06;667.77;682.9;666.71;677.04;15922.73770485023
2016-07-07;677.35;682.0;610.1;640.51;75728.02667602904
2016-07-08;640.33;666.66;633.75;664.8;32848.48926482956
2016-07-09;664.42;664.43;620.0;648.11;46883.15867841949
2016-07-10;648.12;651.47;636.09;649.72;10274.86472210014
2016-07-11;649.08;662.6;643.4;647.95;13920.792177960084
2016-07-12;648.19;679.9;645.45;667.19;30215.61142099952
2016-07-13;667.07;669.87;652.51;653.7;17511.79159831007
2016-07-14;653.61;667.5;649.89;659.78;20197.930771340038
2016-07-15;660.18;669.95;658.11;665.5;9472.169583940178
2016-07-16;665.5;669.65;659.12;665.33;5924.144144770058
2016-07-17;665.33;689.96;663.61;683.2;20414.44362799999
2016-07-18;683.18;686.74;666.02;674.3;18078.66362509005
2016-07-19;674.31;678.59;665.0;675.0;10947.297734900061
2016-07-20;675.3;676.0;661.0;665.85;12852.469112070348
2016-07-21;665.91;668.0;654.97;665.01;10702.005596680196
2016-07-22;665.01;668.0;639.41;648.04;27841.92311270966
2016-07-23;648.11;657.13;644.97;654.03;10004.547168720035
2016-07-24;654.9;664.15;650.52;661.82;14018.785654070054
2016-07-25;661.73;664.41;646.22;654.17;14838.341104710125
2016-07-26;653.91;657.61;640.56;648.47;20359.809271609898
2016-07-27;648.1;662.78;646.44;655.51;13286.864400610219
2016-07-28;655.5;659.67;652.52;655.93;8880.202421110045
2016-07-29;656.52;660.49;654.54;658.34;9227.871506030011
2016-07-30;658.32;660.46;647.79;654.99;8090.9604846400725
2016-07-31;654.99;655.17;621.25;622.83;33255.80467899962
2016-08-01;622.83;627.35;605.01;608.29;31426.516030029554
2016-08-02;608.24;615.29;595.0;604.1;33013.96233753977
2016-08-10;579.0;614.5;579.0;590.28;21352.111118530014
2016-08-11;590.5;599.75;584.59;591.27;15295.562428060031
2016-08-12;591.26;593.0;584.0;585.5;6287.987600260117
2016-08-13;585.5;590.02;582.0;583.73;6420.322836960116
2016-08-14;583.73;583.75;564.0;569.41;7530.3090421900815
2016-08-15;569.65;575.75;562.99;564.64;7650.16951653004
2016-08-16;564.55;579.0;564.0;574.17;6221.5846713900555
2016-08-17;574.23;578.5;569.0;571.83;5033.031213310046
2016-08-18;571.95;578.75;569.71;572.21;6000.622988500026
2016-08-19;572.33;577.25;570.82;573.51;2942.5172668100076
2016-08-20;573.61;582.75;571.25;582.1;3326.8148624500186
2016-08-21;582.01;584.27;580.0;581.42;2425.607210870007
2016-08-22;581.5;589.99;581.28;588.01;4623.227078380086
2016-08-23;588.01;590.69;581.1;583.54;4803.806735270022
2016-08-24;583.55;586.91;580.0;580.32;5052.567059870046
2016-08-25;580.23;581.14;574.01;577.2;3571.552715520017
2016-08-26;576.89;579.51;575.06;578.02;1769.1007023799937
2016-08-27;578.09;578.99;567.23;568.55;2258.2854850000026
2016-08-28;568.45;574.54;568.18;574.17;1518.1295123499951
2016-08-29;574.26;578.1;573.01;574.78;2800.790537770009
2016-08-30;574.75;580.28;574.07;579.49;3195.7998142400647
2016-08-31;579.37;579.52;572.02;576.15;3511.2538618600042
2016-09-01;576.27;577.98;571.43;572.73;3616.4945313100116
2016-09-02;572.73;581.23;570.61;579.85;5670.916866470032
2016-09-03;579.85;615.0;576.04;609.89;8205.252574210106
2016-09-04;610.0;618.65;601.83;614.52;5061.103883770033
2016-09-05;614.51;615.68;603.84;611.5;5077.2079111600115
2016-09-06;612.24;617.53;609.7;615.23;3089.900301380047
2016-09-07;615.3;620.85;610.83;619.75;5526.088154320068
2016-09-08;619.95;636.16;617.12;631.73;8271.4399382401
2016-09-09;631.73;633.81;621.24;626.25;4272.066723700012
2016-09-10;626.36;629.65;624.68;628.0;4044.1442577800667
2016-09-11;628.0;635.0;595.36;612.08;9640.781543170237
2016-09-12;612.08;615.21;608.01;611.62;4972.782787040055
2016-09-13;611.64;640.0;610.0;614.23;7273.908029960253
2016-09-14;614.25;617.38;612.01;613.88;5932.20144280007
2016-09-15;613.88;617.93;611.0;611.81;4374.861248480034
2016-09-16;611.81;614.22;609.54;610.01;3703.332127840022
2016-09-17;610.0;610.75;604.96;607.69;3566.4993196500127
2016-09-18;607.98;616.34;607.18;613.03;2932.957932270012
2016-09-19;613.03;615.05;608.6;609.79;2956.966400140002
2016-09-20;609.79;612.01;600.01;600.14;3414.8598507400006
2016-09-21;600.13;601.18;591.0;597.43;7658.451694440144
2016-09-22;597.43;598.7;595.92;597.08;2333.4253111199964
2016-09-23;597.08;603.99;595.95;603.29;1957.4110083699954
2016-09-24;603.28;606.0;601.0;602.55;943.4033069699981
2016-09-25;603.01;603.99;597.3;600.36;1385.718044759997
2016-09-26;600.24;610.1;599.86;609.14;3113.730873060002
2016-09-27;608.94;609.91;602.01;605.53;3196.800566699995
2016-09-28;605.5;605.77;603.07;603.76;2052.842590470009
2016-09-29;604.01;607.96;603.04;604.6;3144.330702039995
2016-09-30;604.6;613.27;603.99;611.1;2363.9076995899936
2016-10-01;611.1;616.87;611.1;614.09;1900.0600516799932
2016-10-02;614.08;614.21;575.0;609.09;4967.641680690063
2016-10-03;608.98;618.0;608.91;612.67;3284.7221777900068
2016-10-04;612.68;614.11;609.63;610.98;4006.4969625000344
2016-10-05;610.71;617.28;610.0;614.09;3411.1070412000336
2016-10-06;614.3;615.9;612.68;613.51;3075.0575965200037
2016-10-07;613.95;621.71;613.0;620.13;4853.354652970039
2016-10-08;619.99;622.87;617.91;620.5;3113.236697100052
2016-10-09;620.7;620.91;614.01;616.56;2735.938972819997
2016-10-10;616.55;620.0;615.91;618.87;3178.066558120011
2016-10-11;618.87;646.86;618.06;641.87;12434.74756907018
2016-10-12;642.0;644.07;636.91;637.63;3854.247786240019
2016-10-13;637.62;644.29;636.38;637.01;5009.933792410054
2016-10-14;637.01;645.4;636.72;643.0;6637.090713240069
2016-10-15;642.74;645.69;637.91;640.2;2402.26242554
2016-10-16;640.42;645.8;639.82;644.18;2389.2906556799953
2016-10-17;644.17;644.56;637.58;639.79;5018.031772200029
2016-10-18;639.71;641.98;632.93;638.68;6087.911736680024
2016-10-19;638.69;644.0;627.84;631.77;8991.461844850159
2016-10-20;631.56;633.61;628.0;632.46;3336.8533932700457
2016-10-21;632.46;639.0;632.0;636.73;7218.7123871600215
2016-10-22;635.91;672.2;635.06;664.99;10094.58498193005
2016-10-23;664.99;671.4;656.04;659.03;5729.983524180044
2016-10-24;658.36;659.41;654.01;654.65;5695.450238160037
2016-10-25;654.35;670.0;652.6;659.52;5525.770698390025
2016-10-26;659.49;685.84;658.46;678.7;11694.720757400068
2016-10-27;678.7;690.92;676.69;688.67;12929.474086950087
2016-10-28;688.29;695.34;681.08;693.47;10104.627257420096
2016-10-29;693.32;724.0;691.42;714.51;15281.359784630075
2016-10-30;714.74;716.66;696.96;702.55;12196.454812390166
2016-10-31;702.57;709.0;687.6;701.02;8567.8597169401
2016-11-01;701.01;746.55;701.01;734.6;22309.542561319686
2016-11-02;734.6;751.47;723.59;750.85;9392.42912698002
2016-11-03;751.1;754.66;676.0;692.51;28203.16502612969
2016-11-04;692.66;710.9;686.42;707.62;14558.285655530168
2016-11-05;708.15;713.88;700.82;708.89;6022.2599656300035
2016-11-06;709.14;721.61;700.01;713.95;7163.328968670041
2016-11-07;713.8;713.8;700.02;705.55;3788.6124545300254
2016-11-08;705.42;717.99;703.0;711.99;9870.580001880071
2016-11-09;711.98;743.06;708.5;724.54;15100.099573310139
2016-11-10;723.37;725.0;709.13;714.87;4457.544065070043
2016-11-11;714.87;719.37;712.03;716.22;4914.198729490022
2016-11-12;716.61;716.99;700.1;703.57;5914.206991909925
2016-11-13;703.56;706.47;687.6;703.64;8691.960063930057
2016-11-14;703.61;709.91;698.76;707.43;6011.546517310056
2016-11-15;707.44;720.05;707.4;712.17;7936.3304322799895
2016-11-16;712.0;747.49;710.0;744.98;17948.506714280073
2016-11-17;744.98;763.85;735.0;740.67;14889.308746890238
2016-11-18;740.01;759.89;734.5;753.97;6962.710856610069
2016-11-19;753.91;759.99;740.0;752.9;6044.662876000015
2016-11-20;752.17;757.0;711.16;729.67;13912.623805400159
2016-11-21;729.68;740.6;728.08;738.99;7200.785115300063
2016-11-22;739.0;753.91;733.25;749.85;9485.316539920022
2016-11-23;749.85;750.91;730.79;742.0;5581.257493390057
2016-11-24;741.99;744.32;727.61;737.61;6069.217533030181
2016-11-25;737.67;741.12;730.0;740.36;4062.2591371601047
2016-11-26;739.77;740.99;720.0;731.19;4490.186855769996
2016-11-27;731.27;736.19;722.5;724.9;3495.317800630566
2016-11-28;724.99;734.99;724.99;731.52;4139.058986310415
2016-11-29;731.52;734.89;728.68;731.05;5649.696318160012
2016-11-30;731.06;743.14;728.98;739.0;5529.651951590084
2016-12-01;739.0;756.0;738.8;755.36;13400.312864070085
2016-12-02;755.42;779.21;755.15;774.88;13415.18994303043
2016-12-03;774.87;774.87;755.98;765.46;5730.443186380091
2016-12-04;765.98;769.99;758.82;768.5;4202.675894990003
2016-12-05;768.5;769.0;744.59;750.62;10067.87220188007
2016-12-06;750.85;758.5;750.44;757.36;5279.311020490088
2016-12-07;757.18;774.92;746.16;765.01;10694.954416790059
2016-12-08;765.02;773.2;762.66;765.01;4751.019449470017
2016-12-09;765.01;772.72;765.0;770.5;3651.7650705899955
2016-12-10;770.5;777.77;769.99;772.9;3364.7760004099987
2016-12-11;773.01;773.73;761.84;770.21;4144.94343010001
2016-12-12;770.21;785.0;770.21;777.99;6758.339761560031
2016-12-13;777.99;788.87;762.89;775.0;5581.844002780043
2016-12-14;775.0;781.16;771.15;774.49;3680.6956905700135
2016-12-15;774.5;780.12;774.5;777.43;3184.8220299600257
2016-12-16;777.78;785.06;775.85;784.17;4774.942175750037
2016-12-17;784.17;793.0;782.93;790.99;6201.337735110012
2016-12-18;790.99;792.8;784.36;790.21;2432.0011578999965
2016-12-19;790.18;792.27;787.75;790.59;2153.173420509991
2016-12-20;790.59;802.33;787.86;797.99;6992.559286220067
2016-12-21;797.99;830.5;794.95;829.34;16218.640510220468
2016-12-22;829.33;874.0;825.0;859.2;15249.764403200299
2016-12-23;859.0;920.0;859.0;918.99;26032.66403869893
2016-12-24;917.29;919.99;882.41;895.24;7388.143101650057
2016-12-25;895.31;904.55;858.62;898.0;12044.633193260195
2016-12-26;898.0;920.0;894.21;906.4;11822.156806280178
2016-12-27;906.37;940.0;903.51;936.43;9187.271646700205
2016-12-28;936.42;983.0;935.93;981.7;20822.766421739656
2016-12-29;981.7;983.0;945.0;974.74;22557.863082500244
2016-12-30;973.41;974.32;929.5;959.26;19356.95874255995
2016-12-31;959.19;968.2;945.01;966.58;7156.027717180096
2017-01-01;966.61;1006.5;961.26;998.99;13441.148975480162
2017-01-02;999.0;1035.0;994.1;1019.3;21808.63450497015
2017-01-03;1019.6;1040.0;1013.5;1037.5;14107.95571394017
2017-01-04;1037.6;1150.0;1036.4;1139.6;53728.83876761936
2017-01-05;1138.3;1166.0;850.79;1003.2;91204.82486650968
2017-01-06;1003.8;1025.0;871.0;898.5;57405.14504720025
2017-01-07;898.2;911.09;815.0;908.0;40602.99825714004
2017-01-08;908.03;943.6;890.0;915.9;30742.59543248628
2017-01-09;915.9;916.7;875.0;903.0;16587.343688930578
2017-01-10;903.01;918.0;895.48;905.76;12138.62205225993
2017-01-11;905.76;923.66;760.0;779.54;62866.93940117989
2017-01-12;779.54;831.18;735.0;804.58;35912.53320485809
2017-01-13;804.58;832.39;775.61;828.12;25872.960626199303
2017-01-14;827.22;838.54;800.03;815.3;12532.918015939966
2017-01-15;816.7;823.0;805.03;820.74;5392.398235950108
2017-01-16;821.16;837.97;813.94;830.1;7652.416470630093
2017-01-17;830.0;910.8;828.0;903.99;27345.226563979177
2017-01-18;903.99;913.85;847.23;887.46;21304.10739961927
2017-01-19;887.49;910.03;883.49;900.29;15082.097289470486
2017-01-20;901.56;904.99;883.06;895.74;9494.9637827601
2017-01-21;896.14;931.01;893.89;924.02;12173.618518850193
2017-01-22;924.3;939.9;892.0;923.72;21843.962795929216
2017-01-23;923.72;928.87;905.99;908.52;9766.878327090542
2017-01-24;908.36;927.34;884.2;886.1;20709.835467240213
2017-01-25;886.45;899.61;884.2;893.35;10476.731170320203
2017-01-26;893.9;917.64;893.49;915.12;9821.497599120148
2017-01-27;915.1;922.16;905.0;916.7;10140.89977872014
2017-01-28;916.98;923.99;915.01;919.43;3614.9613384800145
2017-01-29;919.48;922.99;910.72;912.55;2700.815994779995
2017-01-30;912.56;920.89;910.01;917.35;3459.9093773200048
2017-01-31;917.35;969.4;916.75;966.19;19636.051649708916
2017-02-01;966.2;985.0;960.1;983.73;11349.862426470367
2017-02-02;983.75;1010.6;970.1;1007.0;17790.558769140178
2017-02-03;1007.0;1020.5;986.11;1015.7;18970.002919729195
2017-02-04;1015.8;1040.0;1001.6;1031.1;17193.358304280096
2017-02-05;1030.9;1033.0;995.1;1006.6;16188.32220713037
2017-02-06;1007.0;1026.3;1006.0;1022.6;8898.684434260036
2017-02-07;1022.8;1056.4;1021.7;1052.1;15185.97338083039
2017-02-08;1052.5;1070.0;1006.5;1048.8;23087.431815029347
2017-02-09;1049.0;1078.0;936.34;984.97;59960.08008763097
2017-02-10;984.97;1002.0;949.36;992.0;24479.886429389473
2017-02-11;992.02;1009.0;984.01;1000.1;9333.992870000216
2017-02-12;1000.0;1005.8;992.33;996.01;4334.144181889869
2017-02-13;996.0;1004.8;974.22;996.5;9050.852295590203
2017-02-14;996.52;1019.0;988.6;1013.3;12201.416590230201
2017-02-15;1013.4;1018.2;1002.3;1013.9;5612.053352990078
2017-02-16;1013.9;1045.8;1013.9;1038.5;11260.04584229025
2017-02-17;1037.2;1067.4;1033.1;1056.2;16170.489651520278
2017-02-18;1056.9;1071.1;1053.1;1059.7;7148.619405270154
2017-02-19;1059.1;1066.0;1045.0;1056.2;6437.650123280087
2017-02-20;1056.3;1110.0;1040.1;1091.2;13291.40598501029
2017-02-21;1091.8;1134.0;1085.0;1129.6;24501.723010539277
2017-02-22;1130.1;1140.0;1106.4;1125.5;14325.964649010311
2017-02-23;1125.6;1197.0;1116.5;1189.8;26155.646949949394
2017-02-24;1189.5;1222.4;1110.0;1185.4;48194.734288378844
2017-02-25;1185.4;1189.9;1131.3;1153.0;16284.702083629873
2017-02-26;1153.0;1186.1;1130.7;1178.3;11081.046416530222
2017-02-27;1178.7;1204.0;1170.0;1195.5;11761.462894930091
2017-02-28;1195.7;1216.0;1176.6;1189.1;17472.57654792011
2017-03-01;1189.1;1236.4;1186.0;1233.2;22515.143739148574
2017-03-02;1233.7;1285.9;1212.0;1258.0;30567.995758957102
2017-03-03;1258.5;1294.9;1256.0;1289.2;22291.041746369672
2017-03-04;1289.2;1291.9;1240.0;1267.8;15548.989733120263
2017-03-05;1267.0;1279.9;1245.0;1278.4;9315.379858010065
2017-03-06;1278.5;1287.8;1268.0;1279.2;9601.03362080023
2017-03-07;1279.3;1282.0;1185.0;1232.4;42010.773457819516
2017-03-08;1232.3;1243.6;1142.1;1150.0;46839.64626745023
2017-03-09;1149.4;1207.6;1136.0;1190.4;24142.69864557883
2017-03-10;1190.3;1339.9;958.5;1115.4;104909.77170612622
2017-03-11;1113.0;1196.6;1101.2;1172.4;31258.189322498598
2017-03-12;1172.5;1232.7;1166.8;1224.4;18976.818175699802
2017-03-13;1224.4;1247.3;1206.7;1238.5;23066.997955869814
2017-03-14;1238.5;1258.8;1218.9;1245.0;17971.763241060075
2017-03-15;1244.4;1263.9;1241.0;1256.2;15839.624741540236
2017-03-16;1257.1;1259.7;1132.5;1168.6;51470.95183398999
2017-03-17;1169.1;1169.8;1065.0;1070.4;59231.71537088934
2017-03-18;1067.8;1097.9;935.11;971.51;87862.73760003965
2017-03-19;971.63;1059.0;969.4;1016.5;40547.80017335933
2017-03-20;1016.1;1054.2;1011.0;1040.5;20542.761970179854
2017-03-21;1040.5;1122.3;1039.0;1115.9;33405.345200809395
2017-03-22;1115.7;1116.0;985.55;1039.1;41325.119528628216
2017-03-23;1039.3;1055.0;1018.0;1032.7;19321.73705224012
2017-03-24;1032.7;1034.6;928.0;942.13;43525.11623354677
2017-03-25;942.14;981.0;888.2;972.17;46012.43192404001
2017-03-26;972.17;1006.0;950.1;968.9;33261.237170137356
2017-03-27;969.0;1046.9;960.1;1042.7;31918.345532458363
2017-03-28;1042.8;1068.9;1016.2;1044.7;25249.28777687988
2017-03-29;1044.3;1059.0;1008.5;1041.8;22321.19137680873
2017-03-30;1041.7;1053.5;1021.2;1041.2;24804.757441717888
2017-03-31;1041.2;1089.4;1035.0;1081.5;27501.30773206724
2017-04-01;1081.3;1106.9;1070.0;1093.5;16999.277987839872
2017-04-02;1093.3;1118.2;1080.9;1107.5;20419.583449848633
2017-04-03;1107.6;1159.9;1107.5;1150.1;30421.877520930288
2017-04-04;1150.2;1165.6;1124.0;1145.8;21160.722922040248
2017-04-05;1145.7;1146.7;1111.2;1140.4;22550.243279629118
2017-04-06;1140.5;1206.4;1140.3;1191.5;32172.397749899155
2017-04-07;1191.5;1209.0;1176.7;1196.6;20436.906783469985
2017-04-08;1196.4;1202.9;1171.0;1188.1;11020.461002710108
2017-04-09;1188.1;1226.9;1179.4;1215.9;16311.441008300095
2017-04-10;1216.3;1229.9;1208.0;1220.3;11550.768440050411
2017-04-11;1220.2;1244.7;1209.1;1235.6;9556.439375790114
2017-04-12;1236.0;1244.3;1221.0;1227.4;12009.36822367008
2017-04-13;1227.4;1235.3;1163.3;1186.9;19137.28050399942
2017-04-14;1189.2;1219.2;1184.0;1206.8;12312.669326570654
2017-04-15;1206.7;1215.0;1190.0;1193.3;9146.27230828019
2017-04-16;1194.0;1217.6;1190.1;1212.0;4501.3014011200785
2017-04-17;1212.5;1247.0;1202.0;1240.0;15156.762211520321
2017-04-18;1240.0;1274.8;1237.0;1265.4;16135.947209270173
2017-04-19;1265.2;1272.0;1254.3;1260.5;7585.474460290148
2017-04-20;1260.5;1326.9;1259.9;1308.5;15619.652942870154
2017-04-21;1308.5;1333.1;1307.0;1327.0;7996.062820700105
2017-04-22;1327.0;1354.9;1290.0;1346.4;12373.810204860254
2017-04-23;1345.4;1359.0;1336.0;1355.2;7747.284952560148
2017-04-24;1355.3;1359.6;1325.0;1345.0;7914.957403950211
2017-04-25;1345.0;1378.5;1342.1;1371.1;8274.250318140155
2017-04-26;1372.1;1411.7;1362.3;1400.0;11805.385004280162
2017-04-27;1399.3;1449.7;1392.5;1440.3;10395.022921870255
2017-04-28;1440.5;1447.0;1366.0;1415.6;14015.439509390333
2017-04-29;1415.9;1439.5;1400.1;1423.6;8767.247284410243
2017-04-30;1425.4;1443.7;1400.1;1435.0;8518.998919800051
2017-05-01;1435.3;1560.0;1432.0;1533.0;22304.387760469723
2017-05-02;1533.0;1604.6;1473.0;1558.5;16733.947597400478
2017-05-03;1560.0;1627.0;1541.9;1619.0;17068.490279990176
2017-05-04;1619.6;1702.0;1519.0;1607.1;31487.7339459602
2017-05-05;1607.2;1665.9;1505.0;1545.1;32641.027046368465
2017-05-06;1545.0;1605.1;1540.1;1597.0;14017.366899999783
2017-05-07;1597.0;1632.5;1575.1;1619.9;13909.046775469587
2017-05-08;1620.0;1715.0;1618.9;1703.5;19909.4718559097
2017-05-09;1703.4;1815.0;1695.1;1760.0;31202.81048676679
2017-05-10;1760.0;1817.4;1722.3;1796.9;18622.848445550437
2017-05-11;1796.1;1908.1;1763.6;1853.9;24389.694941907976
2017-05-12;1855.0;1864.8;1700.2;1735.0;21397.597524208075
2017-05-13;1733.7;1825.0;1666.0;1819.5;16604.125800199832
2017-05-14;1820.6;1852.4;1775.2;1827.3;11331.549394940312
2017-05-15;1827.3;1830.4;1719.0;1772.0;15744.126195149993
2017-05-16;1772.0;1795.1;1728.0;1786.2;9553.876843990482
2017-05-17;1785.4;1894.0;1766.3;1870.0;15843.528665690437
2017-05-18;1870.0;1954.6;1861.0;1941.5;12907.314442380331
2017-05-19;1941.9;2000.0;1925.0;1966.5;23001.542772588924
2017-05-20;1966.5;2072.2;1962.9;2059.3;21690.022393169762
2017-05-21;2059.3;2099.1;2000.1;2026.6;17221.878675099848
2017-05-22;2027.0;2222.2;1978.0;2087.3;57242.114596854815
2017-05-23;2087.3;2264.2;2060.0;2249.6;22521.559138049764
2017-05-24;2249.2;2444.9;2246.1;2395.5;29621.027843036292
2017-05-25;2395.5;2690.0;2141.1;2268.1;55155.58771398819
2017-05-26;2268.2;2477.0;2007.0;2125.9;39695.548035739186
2017-05-27;2126.0;2210.8;1810.0;1980.2;47142.41211277753
2017-05-28;1979.9;2194.4;1950.0;2056.9;25758.38871187907
2017-05-29;2056.8;2249.8;1990.0;2207.4;16457.501961290203
2017-05-30;2207.0;2265.0;2080.1;2146.7;21448.63349514992
2017-05-31;2146.8;2241.0;2000.0;2191.8;21235.8053827904
2017-06-01;2191.60075499;2368.2;2187.3;2312.0;18959.512933680788
2017-06-02;2311.9;2408.0;2262.8;2405.9;12549.64323152034
2017-06-03;2404.7;2481.2;2347.6;2461.0;10767.981905930403
2017-06-04;2461.6;2498.0;2365.0;2488.2;11880.383420390463
2017-06-05;2488.2;2649.5;2480.0;2636.9;15390.903184740666
2017-06-06;2636.7;2899.7;2620.0;2844.6;42687.66878994708
2017-06-07;2844.7;2850.0;2600.1;2644.0;22094.398527049678
2017-06-08;2644.1;2789.5;2527.0;2781.5;16977.816088951065
2017-06-09;2783.2;2849.8;2763.9;2809.0;9521.116767050262
2017-06-10;2809.0;2890.5;2711.1;2806.0;16167.315725080522
2017-06-11;2810.6;3003.0;2793.4;2941.8;19034.136814978636
2017-06-12;2938.8;2962.2;2284.4;2569.6;48340.94768841564
2017-06-13;2569.0;2730.0;2528.1;2677.1;23172.05888391992
2017-06-14;2677.1;2722.42278245;2280.0;2394.3;34717.77383966856
2017-06-15;2393.3;2455.0;2046.0;2377.5;55839.12799373947
2017-06-16;2378.7;2487.0;2257.8;2437.5;22402.387928529228
2017-06-17;2437.5;2636.9;2368.1;2610.1;16637.617542640048
2017-06-18;2610.0;2640.0;2420.0;2491.4;19988.156662169993
2017-06-19;2491.5;2593.9;2480.0;2582.0;13719.3025036201
2017-06-20;2582.0;2780.0;2568.2;2714.5;20548.879169089767
2017-06-21;2713.6;2760.0;2572.3;2624.4;24534.64225947912
2017-06-22;2621.9;2709.0;2554.8;2672.8;15181.549108029756
2017-06-23;2672.8;2726.0;2652.0;2674.9;8139.412745510101
2017-06-24;2673.1;2700.0;2452.86920686;2502.6;16770.845452320274
2017-06-25;2504.9;2595.0;2368.3;2483.3;18137.88200397992
2017-06-26;2483.0;2510.4;2258.7;2393.6;36367.69575762977
2017-06-27;2393.5;2524.0;2207.8;2521.2;33486.182337238584
2017-06-28;2521.2;2566.8;2403.2;2518.2;21827.313647049756
2017-06-29;2518.5;2537.8;2424.0;2472.4;12961.952367799953
2017-06-30;2472.3;2511.1;2404.0;2420.6;10401.10293533033
2017-07-01;2420.6;2441.0;2291.0;2346.2;15078.963517870336
2017-07-02;2346.1;2476.3;2302.0;2445.1;12034.388468490553
2017-07-03;2445.1;2587.4;2416.2;2524.0;16140.026722850722
2017-07-04;2525.7;2628.6;2511.0;2579.9;15748.267754881292
2017-07-05;2579.9;2619.0;2477.9;2598.6;13534.220901340148
2017-07-06;2598.5;2607.1;2546.0;2593.2;9831.80500857039
2017-07-07;2592.9;2598.8;2447.0;2479.3;17684.018760300467
2017-07-08;2479.4;2542.6;2436.1;2542.0;9695.5666662502
2017-07-09;2542.0;2555.7;2470.8;2477.9;7783.158003549998
2017-07-10;2480.5;2499.9;2236.6;2318.3;28087.998054258416
2017-07-11;2318.3;2375.0;2182.0;2283.8;33052.19044169962
2017-07-12;2285.5;2397.0;2190.0;2375.6;21670.26048444943
2017-07-13;2374.2;2400.0;2293.1;2330.1;18420.25303352
2017-07-14;2330.1;2345.6;2138.0;2206.5;27737.40511138
2017-07-15;2206.5;2210.1;1975.1;1978.6;41756.10334064
2017-07-16;1978.5;2051.1;1826.2;1925.0;53021.70937327
2017-07-17;1925.0;2223.5;1923.2;2220.0;40491.97402145
2017-07-18;2220.0;2380.2;2139.0;2302.8;44173.71437714
2017-07-19;2300.4;2400.0;2213.9;2253.4;35723.08734982
2017-07-20;2253.3;2922.0;2253.3;2865.1;83576.70120792
2017-07-21;2874.4;2890.0;2615.0;2659.0;57421.33484214
2017-07-22;2659.7;2917.0;2642.8;2844.7;35233.48963492
2017-07-23;2844.7;2877.5;2655.0;2750.1;35184.98212472
2017-07-24;2749.2;2812.0;2707.1;2769.7;20704.17808636
2017-07-25;2769.7;2790.1;2417.0;2560.9;56100.38383885
2017-07-26;2560.9;2612.0;2404.0;2527.73811996;34182.49178777
2017-07-27;2527.73811996;2682.2;2511.0;2664.6;31351.53802505
2017-07-28;2664.6;2820.0;2655.5;2784.8;40535.16793338
2017-07-29;2784.9;2794.2;2662.0;2713.1;24269.79377942
2017-07-30;2713.3;2760.0;2582.9;2748.2;34957.05960447
2017-07-31;2748.2;2883.5;2694.4;2854.3;27572.20108312
2017-08-01;2854.1;2902.2;2604.0;2731.3;42307.80919837
2017-08-02;2731.9;2758.0;2610.0;2702.0;23762.21734343
2017-08-03;2702.2;2820.0;2698.0;2790.3;16855.03770022
2017-08-04;2790.4;2876.0;2762.1;2860.0;18994.72100108
2017-08-05;2860.0;3339.5;2853.3;3252.3;50558.24084609
2017-08-06;3252.3;3315.5;3155.8;3232.1;16949.87411874
2017-08-07;3232.0;3440.0;3190.0;3396.0;24533.43663551
2017-08-08;3395.9;3483.8;3340.0;3415.0;31720.31264697
2017-08-09;3415.0;3430.0;3235.1;3340.4;26260.31204254
2017-08-10;3340.3;3447.0;3310.0;3405.0;19129.99938696
2017-08-11;3404.9;3695.0;3380.0;3643.4;26420.38188547
2017-08-12;3642.4;3970.1;3589.5;3866.2;37660.6403351
2017-08-13;3865.7;4190.0;3834.2;4061.6;48212.99471929
2017-08-14;4061.0;4330.3;3951.0;4320.8;34185.630606830004
2017-08-15;4321.0;4430.0;3832.5;4151.8;64111.03447992
2017-08-16;4151.9;4405.0;3925.1;4386.4;35292.3092464
2017-08-17;4386.3;4492.3;4152.0;4263.0;40307.03720301
2017-08-18;4262.9;4360.0;3954.0;4090.1;46806.57023528
2017-08-19;4090.1;4187.0;3907.0;4145.0;41765.2743971
2017-08-20;4145.1;4199.9;3975.1;4063.1;25124.9456383
2017-08-21;4059.6;4094.7;3951.0;3998.2;26586.21907274
2017-08-22;3997.6;4141.9;3599.0;4081.9;61727.79500618
2017-08-23;4083.9;4255.2;4045.0;4130.2;27484.37736384
2017-08-24;4130.8;4381.0;4089.9;4322.1;22041.11871118
2017-08-25;4322.1;4464.2;4250.0;4351.5;27756.98848534
2017-08-26;4351.4;4364.0;4240.7;4340.4;14795.77225415
2017-08-27;4341.5;4406.7;4304.4;4332.8;11162.92615586
2017-08-28;4333.8;4395.5;4175.0;4385.1;21224.24667506
2017-08-29;4385.2;4648.8;4325.1;4587.1;32703.08252724
2017-08-30;4587.1;4643.0;4481.0;4568.0;17065.10090642
2017-08-31;4568.0;4749.9;4566.9;4718.3;18467.69958321
2017-09-01;4718.2;4936.9;4660.0;4907.7;28785.25415936
2017-09-02;4909.2;4970.0;4400.1;4532.3;54967.19887223
2017-09-03;4534.3;4699.9;4331.0;4598.5;33548.78863131
2017-09-04;4598.0;4611.6;4052.0;4205.0;59087.37648571
2017-09-05;4207.5;4471.0;3900.1;4375.0;57726.33956084
2017-09-06;4375.0;4633.7;4352.4;4595.8;38993.89335346
2017-09-07;4592.6;4675.0;4455.1;4613.7;23131.92973491
2017-09-08;4613.6;4694.9;4105.0;4304.0;60942.90237479
2017-09-09;4304.1;4395.2;4151.0;4315.9;31108.57266183
2017-09-10;4315.4;4330.0;3974.1;4233.9;45876.53276485
2017-09-11;4233.5;4383.2;4123.0;4198.7;30897.42090881
2017-09-12;4200.5;4379.0;4050.0;4149.4;40047.82707947
2017-09-13;4149.4;4160.0;3731.7;3849.7;71503.22762066
2017-09-14;3849.7;3917.2;3204.7;3235.3;127510.72380643
2017-09-15;3235.4;3809.0;2980.4;3697.1;183116.68152974
2017-09-16;3697.0;3875.0;3511.1;3681.5;70752.12868081
2017-09-17;3679.6;3782.0;3465.1;3666.6;37038.53669509
2017-09-18;3666.9;4119.0;3666.9;4084.4;58978.69285366
2017-09-19;4084.3;4114.0;3836.2;3892.2;47749.58338806
2017-09-20;3892.6;4049.0;3829.0;3872.4;33241.55770899
2017-09-21;3874.8;3905.0;3560.0;3596.7;56944.211721
2017-09-22;3600.0;3748.0;3490.0;3602.3;49235.11147446
2017-09-23;3597.9;3808.7;3555.0;3779.6;25640.09297131
2017-09-24;3779.3;3783.0;3615.5;3654.7;20883.29400183
2017-09-25;3654.4;3977.0;3653.7;3930.1;40157.86230585
2017-09-26;3930.0;3985.0;3838.0;3881.5;21401.21520912
2017-09-27;3881.7;4229.5;3876.7;4209.7;48624.86920721
2017-09-28;4207.5;4269.0;4120.0;4190.0;36575.28207875
2017-09-29;4190.0;4245.0;4024.4;4168.0;38941.76643093
2017-09-30;4167.6;4397.0;4160.0;4367.1;31498.77009665
2017-10-01;4367.1;4424.0;4248.6;4404.3;29229.55963961
2017-10-02;4404.3;4482.0;4359.0;4400.2;29071.34483179
2017-10-03;4400.2;4439.9;4210.1;4310.6;28542.15680717
2017-10-04;4309.6;4359.2;4174.3;4215.9;26370.95900433
2017-10-05;4215.9;4372.3;4133.0;4312.0;25368.41498163
2017-10-06;4311.9;4425.8;4282.2;4370.0;25931.89802114
2017-10-07;4370.0;4505.0;4309.0;4435.6;17423.88598883
2017-10-08;4435.9;4632.4;4416.3;4611.9;29834.38489802
2017-10-09;4611.8;4879.8;4551.0;4782.3;48928.09769134
2017-10-10;4782.3;4940.0;4716.4;4777.7;42701.37345587
2017-10-11;4777.1;4881.4;4715.0;4824.9;28908.1259726
2017-10-12;4824.9;5445.0;4815.0;5440.0;79502.85493293
2017-10-13;5440.0;5920.0;5369.4;5636.8;99110.62453184
2017-10-14;5636.8;5857.4;5564.3;5833.5;36810.98518561
2017-10-15;5834.9;5877.0;5450.0;5713.9;57475.73977445
2017-10-16;5712.1;5810.0;5570.0;5764.8;31410.43427206
2017-10-17;5764.7;5779.0;5511.0;5597.1;31906.14997325
2017-10-18;5597.2;5597.9;5114.0;5567.0;69045.87052166
2017-10-19;5568.1;5744.0;5505.5;5694.2;38038.56929783
2017-10-20;5694.1;6088.4;5603.3;5983.8;61777.29592668
2017-10-21;5983.7;6199.9;5862.8;6005.1;53487.98776009
2017-10-22;6005.9;6075.0;5705.0;5981.3;50572.76526313
2017-10-23;5982.4;6055.0;5621.0;5907.3;67056.95351285
2017-10-24;5907.3;5907.3;5457.4;5510.0;64024.8670318
2017-10-25;5510.0;5746.9;5365.3;5724.1;44825.34909819
2017-10-26;5724.2;5966.6;5667.5;5890.0;42724.28100853
2017-10-27;5889.9;6020.0;5681.0;5759.7;39712.73376073
2017-10-28;5759.8;5864.0;5632.0;5720.3;26663.07159007
2017-10-29;5719.7;6345.0;5660.0;6150.0;61967.82683328
2017-10-30;6150.0;6239.0;6006.2;6130.0;33217.40463982
2017-10-31;6127.9;6481.5;6082.5;6455.1;38821.10919356
2017-11-01;6455.0;6739.9;6344.5;6739.6;57203.78734181
2017-11-02;6739.2;7350.0;6707.3;7018.8;97337.20072213
2017-11-03;7018.8;7448.0;6917.0;7132.0;62939.21441725
2017-11-04;7132.0;7530.0;6930.1;7369.9;48598.07207096
2017-11-05;7370.0;7598.0;7272.0;7366.7;46299.95494806
2017-11-06;7365.6;7440.0;6911.0;6956.5;63265.49195175
2017-11-07;6955.2;7220.0;6948.0;7102.0;37539.62434544
2017-11-08;7102.1;7899.9;6977.4;7446.1;97303.17504447
2017-11-09;7446.0;7450.0;7000.0;7126.4;50139.52313385
2017-11-10;7126.4;7324.0;6405.0;6541.2;88416.47311226
2017-11-11;6545.0;6789.0;6163.2;6302.7;72841.28594997
2017-11-12;6299.0;6469.6;5400.2;5810.7;172712.47105986
2017-11-13;5810.0;6682.0;5780.0;6476.5;110443.62309468
2017-11-14;6476.6;6689.5;6301.0;6590.0;49482.76029047
2017-11-15;6590.0;7319.0;6589.9;7265.84095228;71616.02683285
2017-11-16;7263.5;8020.0;7091.0;7865.2;85873.80990599
2017-11-17;7867.3;8040.0;7505.0;7675.9;75935.97736376
2017-11-18;7674.1;7867.8;7412.0;7773.3;40707.78063388
2017-11-19;7773.2;8130.0;7650.0;8052.7;39114.0810318
2017-11-20;8052.6;8315.0;7925.0;8248.8;38281.50492472
2017-11-21;8249.0;8380.0;7755.6;8096.9;71852.37085306
2017-11-22;8096.8;8310.0;8055.0;8230.0;28861.36763085
2017-11-23;8230.1;8268.0;7970.0;7977.1;32131.52906014
2017-11-24;7977.73459081;8352.1;7871.0;8191.7;42835.906591
2017-11-25;8189.5;8770.0;8131.6;8753.4;44275.60759255
2017-11-26;8753.6;9495.0;8746.9;9305.1;67602.72955089
2017-11-27;9306.6;9771.0;9231.0;9723.6;66630.21890773
2017-11-28;9722.9;9999.0;9580.8;9892.1;47105.99712416
2017-11-29;9895.2;11441.0;9000.0;9766.1;182839.74930587
2017-11-30;9766.1;10542.0;8801.0;9907.0;129048.05557505
2017-12-01;9907.0;10950.0;9370.1;10860.0;84144.85318579
2017-12-02;10861.0;11190.0;10621.0;10880.0;49703.71905393
2017-12-03;10881.0;11874.0;10161.0;11162.0;93064.39457651
2017-12-04;11161.0;11600.0;10718.0;11599.0;63775.71081872
2017-12-05;11598.0;11961.0;11405.0;11592.0;48903.69405379
2017-12-06;11591.0;13599.0;11590.0;13509.0;83645.05680739
2017-12-07;13509.0;16649.0;13139.0;16609.0;141223.19309259
2017-12-08;16608.0;17171.0;13722.0;15822.0;124038.7915975
2017-12-09;15843.0;16300.0;13010.0;14661.0;77819.3270952
2017-12-10;14679.0;15741.0;12730.63686141;14960.0;107144.81058982
2017-12-11;14939.0;17450.0;14927.0;16753.0;78076.86384992
2017-12-12;16753.0;17579.0;16210.0;16972.0;52085.93457029
2017-12-13;16968.0;17293.0;15632.0;16171.0;62874.06664855
2017-12-14;16176.0;16999.0;15851.0;16384.0;45731.17445601
2017-12-15;16384.0;18111.0;16349.0;17569.0;63123.65764636
2017-12-16;17569.0;19550.0;17050.0;19210.0;48267.95066408
2017-12-17;19209.0;19891.0;18622.0;18960.0;51803.97212888
2017-12-18;18956.0;19175.0;18010.0;18928.0;53568.53299659
2017-12-19;18924.0;18987.0;16400.0;17345.0;66651.94721902
2017-12-20;17344.0;17709.0;15500.0;16425.0;82156.93475162
2017-12-21;16425.0;17333.0;14801.0;15645.0;65594.82857517
2017-12-22;15645.0;15842.42999525;10700.0;13173.0;178636.96590219
2017-12-23;13173.0;14999.0;12521.0;14035.0;59929.24368394
2017-12-24;14036.0;14050.0;11600.0;13477.0;72382.27824946
2017-12-25;13503.0;14278.0;12675.0;13633.0;45609.51553933
2017-12-26;13634.0;16060.0;13531.0;15680.0;63432.82131218
2017-12-27;15680.0;16494.0;14454.0;15375.0;54988.92117595
2017-12-28;15374.0;15468.0;13145.0;14323.0;72902.77821839
2017-12-29;14324.0;15131.0;13826.0;14304.0;47997.44310277
2017-12-30;14304.0;14417.0;11651.0;12384.0;75442.16785566
2017-12-31;12385.0;14210.0;12166.0;13769.0;43270.25129356
2018-01-01;13763.0;13893.0;12777.0;13376.0;29564.92955226
2018-01-02;13375.0;15500.0;12795.0;14722.0;56192.95272942
2018-01-03;14717.0;15428.83091885;14500.0;15150.0;38358.37345226
2018-01-04;15150.0;15422.15785315;14060.0;15159.0;46479.98264264
2018-01-05;15159.0;17105.0;14725.0;16911.0;54627.60106518
2018-01-06;16912.0;17252.0;16251.0;17169.0;29616.48524759
2018-01-07;17165.0;17178.0;15712.0;16215.35727958;30838.08496089
2018-01-08;16213.0;16329.0;13755.0;14906.0;64952.71702253
2018-01-09;14911.0;15355.0;14122.0;14425.0;43436.35912279
2018-01-10;14429.0;14901.0;13300.0;14900.0;57332.64613851
2018-01-11;14900.0;14999.0;12639.0;13254.0;71695.39341684
2018-01-12;13253.0;14100.0;12751.0;13794.0;37423.47346585
2018-01-13;13790.0;14580.0;13750.0;14199.0;29006.20195027
2018-01-14;14192.0;14393.0;12874.34212454;13558.0;35602.02327452
2018-01-15;13554.0;14356.0;13300.0;13601.0;33507.90572265
2018-01-16;13602.0;13617.0;9940.0;11065.0;131832.52144202
2018-01-17;11065.0;11497.0;9231.1;11108.0;132246.81650434
2018-01-18;11113.0;11904.0;10515.0;11030.0;85205.02453748
2018-01-19;11031.0;11900.0;10647.0;11476.0;48550.29998555
2018-01-20;11477.0;13017.0;11407.0;12731.0;46302.63241255
2018-01-21;12731.0;12732.0;11015.0;11514.0;53624.38681432
2018-01-22;11513.0;11900.0;10009.0;10779.0;66353.71775118
2018-01-23;10779.0;11427.0;9900.0;10811.0;63851.92778121
2018-01-24;10812.0;11557.88958366;10430.0;11391.0;43857.62788588
2018-01-25;11390.0;11734.0;10845.0;11147.0;34411.83155151
2018-01-26;11147.0;11700.0;10276.0;11070.0;56747.00561351
2018-01-27;11069.0;11689.0;10800.0;11458.0;34400.30046139
2018-01-28;11458.0;12190.0;11390.0;11828.0;29622.62450128
2018-01-29;11835.0;11975.0;11070.0;11217.81768538;25648.29835264
2018-01-30;11217.81768538;11250.0;9860.4;10171.0;61285.95988124
2018-01-31;10171.0;10414.0;9760.0;10267.0;43232.31052511
2018-02-01;10268.0;10336.0;8941.0;9181.0;78778.32009414
2018-02-02;9181.0;9213.0;7960.0;8890.9;123340.81540421
2018-02-03;8890.0;9499.0;8180.0;9225.06926588;51910.03301381
2018-02-04;9223.9;9410.0;7809.0;8185.2;74417.19860811
2018-02-05;8185.2;8380.0;6651.0;6946.6;131291.80006036
2018-02-06;6948.6;7880.0;6000.0;7678.8;192767.51589836
2018-02-07;7677.2;8488.9;7175.1;7586.9;106698.95836063
2018-02-08;7585.0;8648.9;7565.0;8239.7;77616.13731753
2018-02-09;8239.8;8750.0;7724.9;8678.1;63038.20332767
2018-02-10;8679.1;9074.9;8151.3;8563.0;68145.76424786
2018-02-11;8563.0;8570.0;7851.0;8069.3;52226.57572134
2018-02-12;8070.7;9000.0;8069.57681296;8902.9;51386.55107161
2018-02-13;8902.8;8952.9;8313.52192073;8511.6;39510.97625897
2018-02-14;8512.1;9489.0;8512.1;9455.5;50355.10445747
2018-02-15;9452.8;10176.0;9338.0;9996.0;67559.44509757
2018-02-16;9996.0;10271.0;9670.0;10162.0;43868.12020493
2018-02-17;10161.0;11084.0;10049.0;11062.0;52814.53068791
2018-02-18;11062.0;11250.0;10122.0;10400.0;69821.77417197
2018-02-19;10399.0;11250.0;10308.0;11172.0;50701.38956789
2018-02-20;11172.0;11788.0;11100.0;11211.0;60919.59904305
2018-02-21;11212.0;11239.0;10200.0;10450.0;76960.8730687
2018-02-22;10451.0;10915.0;9740.0;9826.5;71231.4916942
2018-02-23;9826.4;10395.0;9583.1;10144.0;59075.59463978
2018-02-24;10143.0;10500.0;9350.3;9666.3;55697.19406067
2018-02-25;9665.6;9840.0;9280.4;9583.0;30561.64547224
2018-02-26;9579.0;10439.0;9359.9;10320.0;45959.25163133
2018-02-27;10321.0;10888.0;10125.0;10582.0;39700.54163029
2018-02-28;10583.0;11065.0;10261.0;10315.0;43849.4721757
2018-03-01;10314.0;11095.0;10210.0;10908.0;33869.22445966
2018-03-02;10920.0;11189.0;10762.0;11024.0;28855.828629480002
2018-03-03;11025.0;11530.0;11025.0;11454.95955159;30650.73751883
2018-03-04;11454.0;11549.0;11050.0;11500.0;28076.33766207
2018-03-05;11500.0;11700.0;11356.0;11402.0;27673.45862513
2018-03-06;11402.0;11411.0;10567.0;10720.0;44204.34909731
2018-03-07;10719.0;10899.0;9400.0;9910.6;75229.1298207
2018-03-08;9910.5;10112.0;9025.0;9300.0;67737.89183319
2018-03-09;9300.0;9428.0;8342.0;9216.2;98209.14736199
2018-03-10;9216.1;9506.4;8670.9;8769.9;52532.10288514
2018-03-11;8772.5;9729.0;8428.0;9527.7;70479.03366867
2018-03-12;9525.9;9900.0;8770.0;9130.2;67584.63439057
2018-03-13;9130.2;9482.4;8822.0;9135.2;61535.84281184
2018-03-14;9136.0;9439.6;7916.0;8176.0;78853.59717725
2018-03-15;8175.6;8418.0;7665.1;8250.1;82546.4115633
2018-03-16;8249.5;8604.5;7902.0;8250.0;56404.93713158
2018-03-17;8250.0;8367.0;7728.1;7845.0;48918.44713816
2018-03-18;7838.6;8300.0;7240.0;8200.3;88941.82113808
2018-03-19;8200.3;8717.0;8085.7;8600.2;73251.92027749
2018-03-20;8600.2;9040.0;8305.1;8899.7;54284.58176604
2018-03-21;8899.8;9177.5;8752.0;8888.2;42887.78508745
2018-03-22;8888.3;9095.92211691;8450.0;8699.3;54388.37095067
2018-03-23;8697.5;8917.6;8271.1;8914.4;44941.30622512
2018-03-24;8917.2;9050.3;8460.0;8522.6;44193.74054593
2018-03-25;8521.6;8674.4;8364.8;8445.0;30645.03282707
2018-03-26;8445.1;8499.1;7835.9;8131.12312438;56392.58119403
2018-03-27;8134.0;8210.0;7716.6;7784.6;50399.25537628
2018-03-28;7784.7;8120.2;7702.1;7936.0;35076.69583199
2018-03-29;7936.1;7973.0;6883.0;7094.0;77417.33236497
2018-03-30;7094.0;7269.0;6533.0;6840.4;108209.35704737
2018-03-31;6840.4;7222.0;6780.06217933;6925.4;68024.05162901
2018-04-01;6925.3;7035.1;6425.1;6816.6;54925.64706135
2018-04-02;6816.7;7132.0;6769.4;7053.3;45018.58755877
2018-04-03;7053.4;7509.7;7019.9;7405.6;49859.14696603
2018-04-04;7405.6;7422.0;6670.0;6786.0;53718.82875797
2018-04-05;6785.9;6938.0;6564.9;6769.0;45852.05082436
2018-04-06;6770.4;6864.0;6500.2;6610.0;42142.63100791
2018-04-07;6610.3;7080.0;6599.9;6892.6;40604.30992209
2018-04-08;6892.62150518;7127.0;6883.0;7023.9;29326.29649253
2018-04-09;7023.9;7189.0;6611.0;6770.1;75966.61404985
2018-04-10;6770.1;6897.4;6650.0;6837.1;26152.80687197
2018-04-11;6836.1;7017.4;6794.0;6943.1;29543.21336051
2018-04-12;6943.1;8087.0;6753.0;7912.0;94578.84574316
2018-04-13;7911.9;8240.0;7739.1;7886.9;59903.05842061
2018-04-14;7889.2;8185.0;7820.5;8005.90324308;26520.47168413
2018-04-15;8007.13719858;8458.8;7997.2;8357.5;31903.36342454
2018-04-16;8357.4;8415.5;7900.3;8056.2;37557.99053678
2018-04-17;8056.2;8185.0;7823.0;7888.9;28238.53189988
2018-04-18;7888.9;8237.2;7870.5;8171.0;29561.23299016
2018-04-19;8172.7;8297.4;8032.2;8273.0;29215.2810937
2018-04-20;8273.6;8937.5;8219.0;8865.4;50910.48764688
2018-04-21;8863.3;9069.0;8616.0;8912.5;39569.36259725
2018-04-22;8912.4;9048.2;8751.08522139;8791.4;31444.63142715
2018-04-23;8791.4;9011.0;8769.0;8940.0;23257.40469698
2018-04-24;8940.3;9745.0;8929.9;9646.8;60351.4363934
2018-04-25;9646.9;9767.4;8765.1;8869.2;74563.78705265
2018-04-26;8867.4;9308.0;8652.2;9269.9;43219.8251838
2018-04-27;9268.9;9381.1;8888.6;8920.1;30153.53624396
2018-04-28;8920.1;9500.0;8750.0;9345.7;45082.68295707
2018-04-29;9345.3;9565.1;9180.0;9400.0;27317.18897012
2018-04-30;9400.0;9450.0;9100.0;9240.6;23272.44121328
2018-05-01;9240.6;9247.3;8817.97469512;9068.2;25618.29910968
2018-05-02;9071.3;9279.9;8968.3;9236.4;20183.06924246
2018-05-03;9236.4;9875.0;9161.0;9759.0;36486.07108191
2018-05-04;9759.0;9848.0;9542.5;9703.0;24541.75830006
2018-05-05;9703.0;9990.0;9685.0;9861.2;29515.17033612
2018-05-06;9861.3;9964.0;9454.0;9658.7;26926.62708883
2018-05-07;9658.6;9677.9;9182.7;9370.0;25777.51751859
2018-05-08;9370.0;9471.0;9045.3;9184.7;25856.47976709
2018-05-09;9184.8;9375.8;8980.0;9318.2;22806.838093630002
2018-05-10;9318.2;9393.9;9003.0;9018.0;23656.32064121
2018-05-11;9018.0;9018.1;8333.8;8412.4;54491.37206262
2018-05-12;8412.4;8631.7;8204.40576219;8470.8;36656.11285429
2018-05-13;8471.4;8760.0;8318.3;8683.6;22901.02790398
2018-05-14;8683.5;8884.5;8271.0;8670.8;37154.66777466
2018-05-15;8670.8;8855.7;8415.0;8467.5;26208.30282469
2018-05-16;8468.3;8492.7;8100.0;8336.1;32761.81738899
2018-05-17;8336.0;8482.2;7982.5;8054.3;25198.75333045
2018-05-18;8054.8;8277.2;7925.0;8238.9;23441.86359754
2018-05-19;8239.0;8468.0;8140.2;8231.0;14145.51584136
2018-05-20;8230.9;8597.9;8171.5;8523.7;15500.06161263
2018-05-21;8523.7;8644.0;8309.1;8399.6;17243.42785131
2018-05-22;8393.4;8408.28483299;7943.3;7977.85004461;20533.75166684
2018-05-23;7977.5;8020.0;7402.7;7494.8;41682.56642389
2018-05-24;7494.75035778;7729.83193573;7260.0;7576.7;38874.00093748
2018-05-25;7576.7;7654.1;7318.2;7456.7;25874.77784019
2018-05-26;7457.0;7624.1;7281.0;7327.7;13810.01732345
2018-05-27;7328.3;7425.4;7211.1;7339.7;16174.92718596
2018-05-28;7339.6;7437.7;7062.3;7097.9;26677.86919628
2018-05-29;7097.8;7536.0;7040.0;7465.2;27898.86827943
2018-05-30;7465.3;7560.0;7270.5;7375.12085307;22083.1286555
2018-05-31;7375.2;7599.7;7338.0;7485.8;19464.90994361
2018-06-01;7485.9;7599.8;7329.18847938;7521.0;19041.11552011
2018-06-02;7521.1;7698.8;7441.5;7638.1;17363.61246282
2018-06-03;7638.0;7779.0;7600.0;7718.0;13796.12597233
2018-06-04;7718.1;7764.0;7451.1;7488.3;18132.68188151
2018-06-05;7488.4;7675.0;7372.0;7621.9;16741.56378202
2018-06-06;7622.2;7700.0;7491.7;7654.0;18269.76321759
2018-06-07;7654.0;7756.3;7624.7;7688.9;11037.50621419
2018-06-08;7689.0;7697.0;7543.6;7615.1;12198.64324961
2018-06-09;7615.2;7685.0;7450.0;7498.5;7242.26022178
2018-06-10;7498.5;7498.6;6618.9;6758.0;57822.89152512
2018-06-11;6757.9;6899.0;6629.7;6873.3;22377.74129318
2018-06-12;6873.4;6873.4;6436.1;6543.9;32008.31280289
2018-06-13;6543.9;6611.7;6107.87718467;6295.1;45577.5818617
2018-06-14;6295.0;6736.52103872;6269.5;6633.7;33064.78236384
2018-06-15;6633.8;6659.0;6300.2;6385.0;21286.50090833
2018-06-16;6386.0;6559.7;6330.0;6485.9;13697.17619407
2018-06-17;6489.0;6573.0;6424.8;6438.4;9441.01666592
2018-06-18;6443.0;6849.7;6370.76958739;6709.2;26388.77690252
2018-06-19;6709.2;6848.2;6655.0;6735.5;17375.77019893
2018-06-20;6734.8;6825.0;6560.0;6760.4;18710.81266634
2018-06-21;6760.4;6788.8;6679.3;6715.2;10651.51052388
2018-06-22;6715.2;6731.0;5910.8;6042.6;55250.23591312
2018-06-23;6042.6;6259.0;6013.0;6151.92764906;20704.40327842
2018-06-24;6152.0;6249.7;5755.0;6148.0390596;45503.78957212
2018-06-25;6148.1;6341.0;6068.5;6246.6;27914.04128798
2018-06-26;6249.1;6280.8;6050.2;6073.4;18843.10466423
2018-06-27;6073.4;6192.7;5984.9;6133.08668215;18270.22724176
2018-06-28;6133.08668215;6170.9;5822.3;5848.1;17949.126096
2018-06-29;5850.0;6302.0;5780.0;6208.1;33933.19090224
2018-06-30;6208.2;6545.5;6195.2;6391.5;23879.20965955
2018-07-01;6391.6;6439.9;6260.0;6349.7;11380.24355273
2018-07-02;6349.3;6681.2;6275.0;6617.6;26915.25482506
2018-07-03;6617.2;6675.2;6470.5;6509.0;17272.5256209
2018-07-04;6509.3;6784.9;6414.1;6590.0;22494.26066353
2018-07-05;6589.9;6704.7;6423.4;6531.3;23150.04261631
2018-07-06;6532.4;6641.78437543;6451.9;6602.2;14951.20398901
2018-07-07;6602.2;6839.4;6511.0;6761.8;15296.13130813
2018-07-08;6761.7;6801.9;6666.1;6707.0;13709.87022745
2018-07-09;6707.0;6820.0;6616.6;6666.9;16304.25057021
2018-07-10;6667.0;6685.8;6260.1;6301.8;28022.17128845
2018-07-11;6301.8;6407.9;6286.3;6377.8;16406.84890675
2018-07-12;6377.7;6377.7;6079.9;6249.0;24995.95419557
2018-07-13;6249.0;6339.9;6125.0;6220.0;20085.52601281
2018-07-14;6219.7;6320.0;6179.2;6250.0;8904.96079449
2018-07-15;6250.0;6389.0;6230.3;6347.2;10997.92007258
2018-07-16;6347.2;6750.0;6327.1;6729.2;31001.88370638
2018-07-17;6729.2;7483.9;6666.0;7319.8;48125.1686294
2018-07-18;7319.8;7588.0;7246.5;7379.4;39618.93100468
2018-07-19;7379.7;7560.0;7281.4;7473.5;22194.1907799
2018-07-20;7473.5;7685.2;7273.1;7333.1;32744.68094293
2018-07-21;7333.1;7459.0;7221.0;7403.4;11412.43123891
2018-07-22;7403.3;7575.0;7329.1;7397.6;17184.04306544
2018-07-23;7398.7;7820.0;7374.0;7719.8;47519.83553537
2018-07-24;7718.9;8506.7;7690.0;8390.0;64736.6298672
2018-07-25;8389.9;8488.1;8073.0;8178.4;36972.15077733
2018-07-26;8175.6;8323.1;7869.6;7939.0;32809.57622714
2018-07-27;7939.0;8291.0;7815.08505617;8188.0;34223.94888331
2018-07-28;8187.9;8262.0;8055.0;8235.6;13681.6212255
2018-07-29;8235.7;8313.3;8123.0;8221.0;10190.34115538
2018-07-30;8220.1;8301.7283857;7861.2;8179.5;37580.30736231
2018-07-31;8178.9;8178.9;7664.8977045;7731.3;43560.67997661
2018-08-01;7737.9;7756.1;7440.2;7606.0;30739.38633855
2018-08-02;7606.6;7713.0;7450.0;7535.2;17747.41208629
2018-08-03;7533.3;7533.3;7282.1;7420.0;30882.54226465
2018-08-04;7420.3;7492.2;6928.8;7013.21565493;31717.81919556
2018-08-05;7013.21567835;7090.0;6890.0;7025.8;17680.66564559
2018-08-06;7025.2;7153.6;6847.0;6941.2;18120.47113438
2018-08-07;6941.3;7150.0;6677.0;6718.8;32246.21704777
2018-08-08;6718.7;6720.1;6128.2;6280.7;53882.16435117
2018-08-09;6280.7;6628.0;6183.0;6533.6;33388.96116206
2018-08-10;6533.6;6573.8;6010.0;6146.7;43498.80326315
2018-08-11;6147.1;6499.5;6008.1;6233.1;37125.25317464
2018-08-12;6233.1;6499.0;6162.0;6313.9;23052.41984224
2018-08-13;6313.9;6548.3;6137.6;6251.9;32330.83409617
2018-08-14;6251.9;6251.9;5858.6;6189.0;52699.45449514
2018-08-15;6189.0;6647.6;6180.00532947;6270.2;66221.75457258
2018-08-16;6270.2;6476.7;6212.9;6315.6;25144.38523021
2018-08-17;6314.6;6592.9;6290.0;6584.04649746;26770.07872818
2018-08-18;6585.9;6619.5;6300.0;6391.2;19731.247824860002
2018-08-19;6391.1;6550.3;6309.3;6485.1;15354.06077899
2018-08-20;6485.1;6524.0;6230.0;6255.9;31723.09333823
2018-08-21;6255.9;6526.2;6245.0;6479.1;29502.96302149
2018-08-22;6480.6;6899.0;6250.3;6363.8;58965.95637272
2018-08-23;6363.8;6566.63554152;6350.0;6527.2;19945.67148007
2018-08-24;6527.2;6728.6;6451.0;6693.6;20203.72476298
2018-08-25;6693.3;6799.7;6670.0;6732.9;16877.246823640002
2018-08-26;6733.0;6789.0;6557.0;6707.0;16762.38073037
2018-08-27;6707.0;6942.2;6652.7;6909.4;24210.36747249
2018-08-28;6909.5;7127.9;6872.0;7079.9;30066.23846971
2018-08-29;7079.7;7139.4;6924.26926081;7039.0;19976.74975784
2018-08-30;7039.0020077;7060.0;6802.1;6986.0;24594.18385269
2018-08-31;6986.1;7100.0;6881.6;7014.6;19124.18541091
2018-09-01;7013.5;7269.9;7011.3;7197.4;21397.10480916
2018-09-02;7197.5;7429.2;7135.3;7300.0;44681.53808284
2018-09-03;7300.1;7369.0;7200.0;7267.8;22308.27099887
2018-09-04;7267.6;7415.4;7246.2;7358.9;20838.9735275
2018-09-05;7358.9;7404.0;6700.0;6704.0;55776.25998054
2018-09-06;6704.0;6731.3;6302.2;6516.1;53002.51715838
2018-09-07;6516.0;6549.5;6322.8;6397.0;20748.83818417
2018-09-08;6397.0;6475.5;6119.5;6184.944416;21852.7537752
2018-09-09;6185.0;6458.9;6140.5;6239.9;16462.59491812
2018-09-10;6240.0;6373.6771888;6219.0;6314.9;14490.24858972
2018-09-11;6314.9;6399.6;6170.0;6290.9;16610.20964301
2018-09-12;6292.3;6355.0;6202.8;6332.41672182;16194.122673240001
2018-09-13;6334.2;6528.4;6333.4;6489.0;19246.7465317
2018-09-14;6489.1;6596.5;6355.2;6480.1;16375.39628121
2018-09-15;6480.2;6572.2;6465.6;6512.8;8359.64217691
2018-09-16;6512.8;6520.6;6370.2;6498.4;8728.54934508
2018-09-17;6498.5;6543.3;6202.8;6252.0;23545.71896513
2018-09-18;6251.9;6384.0;6228.1;6335.4;16082.08007503
2018-09-19;6334.5;6549.9;6100.0;6390.9;29900.60492905
2018-09-20;6392.7;6584.0;6340.0;6493.9074816;16688.38643048
2018-09-21;6493.94240058;6790.5;6473.8;6762.1;36993.67158762
2018-09-22;6761.8;6840.9;6502.2;6723.0;18261.03841301
2018-09-23;6723.1;6785.9;6661.5;6710.0;8513.9874463
2018-09-24;6710.03023581;6721.7;6555.0;6585.1;17766.50651821
2018-09-25;6585.0;6585.1;6328.0;6442.8;20238.00132181
2018-09-26;6442.70984901;6558.0;6382.5;6462.4;13811.66757362
2018-09-27;6462.3;6745.0;6436.7;6691.2;18368.03319086
2018-09-28;6691.4;6826.41966538;6541.9;6635.2;27892.96665576
2018-09-29;6635.1;6635.1;6454.2;6597.3;17305.62689609
2018-09-30;6597.2;6662.8;6529.6;6622.4;8494.15367217
2018-10-01;6622.3;6660.0;6500.0;6601.9;10358.01159668
2018-10-02;6602.0;6644.7;6467.9;6527.5;12037.34795378
2018-10-03;6530.1;6555.1;6424.6;6503.2;14574.47382217
2018-10-04;6503.1;6648.8;6495.2;6590.4;11474.39056433
2018-10-05;6591.1;6741.4366438;6506.6;6639.9;12447.96376063
2018-10-06;6639.9;6648.2;6563.7;6595.2;5805.93011072
2018-10-07;6595.1;6640.4;6525.0;6609.4;5815.84752757
2018-10-08;6609.4;6730.0;6585.9;6673.2;12698.95429863
2018-10-09;6673.3;6682.0;6605.0;6663.0;8062.04705402
2018-10-10;6663.0;6663.1;6513.52952635;6630.07445752;13830.60692353
2018-10-11;6630.0;6630.07445752;6220.4;6251.9;41613.89121917
2018-10-12;6251.9;6353.4;6220.3;6291.9;10404.9017863
2018-10-13;6292.0;6333.7;6280.3;6326.5;5818.15127352
2018-10-14;6326.4;6399.3;6302.5;6336.4;11230.37375956
2018-10-15;6336.4;7788.0;6294.6;6742.0;85004.09013966
2018-10-16;6742.0;6897.6;6669.1;6754.2;15664.78024732
2018-10-17;6754.2;6794.0;6674.3;6736.0;8881.72240553
2018-10-18;6735.6;6779.9;6566.7;6613.2;12537.27772909
2018-10-19;6613.3;6639.5;6518.2;6525.1;11238.91666536
2018-10-20;6524.3;6611.0;6511.0;6581.5;4647.7118996
2018-10-21;6586.7;6660.8;6581.2;6590.9;4419.77909688
2018-10-22;6590.053594;6627.9;6535.1;6567.3;6072.66381619
2018-10-23;6567.3;6591.6;6525.3;6550.0;8864.25252889
2018-10-24;6550.0;6626.3;6536.0;6554.1;8522.94129783
2018-10-25;6554.09671891;6568.7;6462.9;6528.0;8712.49773075
2018-10-26;6528.1;6597.4;6511.0;6531.47722621;7424.57685252
2018-10-27;6531.5;6560.0;6476.9;6500.2;6970.88364137
2018-10-28;6500.1;6513.88357334;6451.0;6490.1;6843.47914282
2018-10-29;6490.17717293;6512.0;6320.8;6346.5;19574.109039080002
2018-10-30;6346.5706824;6383.6;6302.0;6330.1;10740.01514596
2018-10-31;6330.1;6419.8;6242.1;6368.3871592;9959.01651063
2018-11-01;6368.4;6443.9;6352.90247884;6406.1;9158.8072002
2018-11-02;6406.2;6456.1;6389.9;6427.0;8076.8256268
2018-11-03;6427.0;6432.4;6323.0;6389.1;11439.56311664
2018-11-04;6389.2;6529.4;6357.9;6491.7;8995.17774531
2018-11-05;6491.8;6500.6;6435.3;6470.2;4814.66368565
2018-11-06;6470.10159871;6527.7;6447.4;6522.2;7316.03711808
2018-11-07;6520.1;6615.0;6511.0;6572.9;10726.80109009
2018-11-08;6573.0;6585.0;6460.0;6475.3;11620.28919248
2018-11-09;6479.5;6504.4;6385.0;6418.7;10457.6712687
2018-11-10;6418.6;6469.3;6414.4;6431.1;3253.04931152
2018-11-11;6431.1;6459.9;6357.8;6447.9;7342.79990858
2018-11-12;6448.0;6481.0;6418.8;6446.9;7299.40396274
2018-11-13;6446.99331314;6501.1;6397.1;6459.0694273;10131.99635021
2018-11-14;6459.0694273;6485.8;5678.0;5922.4;69298.52905989
2018-11-15;5922.31371947;5940.0;5432.0;5749.6;49912.96671128
2018-11-16;5749.6;5777.5;5530.92446993;5655.7;18454.63552446
2018-11-17;5655.7;5661.1;5569.1;5628.3;7999.3839047
2018-11-18;5626.7;5745.6;5620.9;5659.5;9551.96875045
2018-11-19;5659.5;5659.5;4855.0;4920.7;74205.93797092
2018-11-20;4920.7;5056.26569276;4303.5;4571.0;117312.44063274
2018-11-21;4570.9;4787.3;4412.3;4662.7;44377.02039069
2018-11-22;4664.7;4723.7;4342.1;4369.6;28885.33565437
2018-11-23;4370.7;4495.0;4210.0;4422.7;36101.64169775
2018-11-24;4422.8;4529.0;3819.4;3929.9;51143.02495781
2018-11-25;3928.4;4233.2;3657.6;4089.1;82180.1499526
2018-11-26;4086.5;4207.1;3695.5;3864.1;64117.27258253
2018-11-27;3863.9;3959.40864054;3684.1;3882.7;46272.69825637
2018-11-28;3883.4;4447.6;3882.9;4305.0;65259.12625498
2018-11-29;4305.0;4488.0;4167.2;4321.9;41125.26147183
2018-11-30;4323.3;4368.8;3950.0;4039.5;42453.78265813
2018-12-01;4038.5;4340.0;3964.5;4241.3;27504.18001921
2018-12-02;4241.35765523;4369.8;4113.0;4173.0;24479.40365474
2018-12-03;4172.9457484;4189.8;3830.1;3901.2;36855.83412366
2018-12-04;3903.0;4135.9;3785.5;3981.9;33692.11082713
2018-12-05;3982.2;4000.77105811;3750.0;3772.9;28429.76217334
2018-12-06;3771.4;3922.7;3503.0;3531.0;58288.29511648
2018-12-07;3531.0;3630.0;3277.6;3460.0;74094.33395142
2018-12-08;3460.1;3800.1;3316.1;3506.0;39086.81725527
2018-12-09;3506.0;3789.0;3465.4;3642.3;25081.11312013
2018-12-10;3642.1;3709.7;3475.8;3523.0;22610.48019075
2018-12-11;3523.2;3551.5;3381.8;3435.2813778;24048.15052396
2018-12-12;3435.2;3617.4;3415.0;3535.6;20930.78079168
2018-12-13;3535.7;3547.1;3317.0;3354.3;22248.78627842
2018-12-14;3354.3;3395.2;3224.0;3281.7;28559.12702574
2018-12-15;3281.7;3324.2;3215.2;3283.4;17889.93798464
2018-12-16;3282.3;3383.0;3276.2;3301.5;19106.50200439
2018-12-17;3300.1;3744.8;3280.0;3625.0;35727.82574485
2018-12-18;3623.9;3799.9;3546.9;3780.8;29430.99808194
2018-12-19;3780.7;4043.0;3756.0;3810.0;55272.47553144
2018-12-20;3810.0;4299.0;3780.1;4214.5;65871.46861935
2018-12-21;4214.5;4300.0;3902.0;3976.0;43526.8235756
2018-12-22;3976.2;4166.0;3919.3;4135.0;19530.57495368
2018-12-23;4135.1;4216.0;4033.0;4071.7;24473.41822204
2018-12-24;4072.6;4384.0;4069.0;4140.7;38002.89161712
2018-12-25;4140.7;4155.0;3812.1;3909.7;33727.40475193
2018-12-26;3909.6;3990.0;3812.1;3930.0;19130.7744517
2018-12-27;3930.0;3968.8;3686.0;3712.0;23614.3245731
2018-12-28;3714.1;4095.0;3696.3;4036.7;26917.8670826
2018-12-29;4036.8;4099.7;3859.3;3894.0;18707.06449848
2018-12-30;3893.9;4003.8;3838.9;3977.3;17733.65093712
2018-12-31;3978.5;3986.9;3771.0;3830.5;15793.32422087
2019-01-01;3832.6286242;3987.0;3788.1;3963.1;13848.34675163
2019-01-02;3963.0;4083.470676;3917.9;4048.8;19437.7279894
2019-01-03;4049.0;4056.64433109;3875.1;3924.3;10748.08371228
2019-01-04;3923.2;3986.0;3850.1;3954.9;13228.66046469
2019-01-05;3954.9;4014.9;3901.0;3911.9;14873.96222452
2019-01-06;3911.8;4218.0;3887.5;4168.4;25179.73225654
2019-01-07;4169.2;4197.0;4044.9;4113.9;11253.19772953
2019-01-08;4113.9;4215.8;4056.0;4100.0;18726.5284933
2019-01-09;4100.0;4168.9;4010.0;4083.3;20629.09743813
2019-01-10;4083.3;4143.3;3687.2;3712.8;35020.069459
2019-01-11;3712.8;3777.8;3666.6;3714.8;13129.89632289
2019-01-12;3715.4;3734.0;3666.6;3702.0;9295.71358201
2019-01-13;3702.0;3729.0;3570.0;3591.0;12590.77346096
2019-01-14;3590.9;3799.4;3580.0;3749.3;14836.12276868
2019-01-15;3749.3;3780.87473393;3623.1;3654.3;13323.05379345
2019-01-16;3653.3;3759.89484429;3642.3589356;3673.6;13227.45774956
2019-01-17;3675.4;3725.0;3606.2;3722.5;10869.94619333
2019-01-18;3722.5;3723.9;3652.38836809;3675.7;5656.10881239
2019-01-19;3675.7;3882.0;3673.9;3762.3;13391.46766526
2019-01-20;3762.9;3796.9;3543.0;3586.1;20626.51085872
2019-01-21;3586.1;3620.1;3548.3;3579.4;10813.62088037
2019-01-22;3579.4;3682.14145688;3462.0;3639.1;18083.69897146
2019-01-23;3639.1;3677.0;3591.2;3622.3;7971.47952346
2019-01-24;3621.3;3671.4;3589.45182488;3652.70510422;7867.68982879
2019-01-25;3652.8;3663.5;3580.0;3628.9;7377.5780389
2019-01-26;3628.9;3750.0;3622.9;3631.2;13005.57137831
2019-01-27;3631.2;3645.7;3541.0;3597.1;11448.5096157
2019-01-28;3597.1;3597.9;3445.3;3501.88592973;17023.73763896
2019-01-29;3501.1;3517.5;3422.0;3477.9;10466.25750145
2019-01-30;3478.0;3550.0;3451.2;3529.6;12580.21003153
2019-01-31;3529.7;3574.80983774;3482.0;3503.8;8572.2863711
2019-02-01;3503.8;3559.0;3460.0;3534.7705232;10041.09893455
2019-02-02;3534.9;3581.0;3498.75973167;3564.2;10889.80625456
2019-02-03;3564.3;3566.8;3470.1;3501.73867085;7874.5480983
2019-02-04;3501.73867085;3522.7;3475.3;3490.4687417;5213.21623762
2019-02-05;3490.4687417;3517.5;3475.1;3513.0;4590.39905608
2019-02-06;3513.20366088;3520.99742772;3405.32458599;3451.9;13172.09035179
2019-02-07;3451.9;3462.3;3417.1;3438.4;4815.21186134
2019-02-08;3438.4;3800.0;3425.3;3724.0;31163.47741733
2019-02-09;3724.1;3740.0;3685.7;3718.3;6552.23606375
2019-02-10;3718.4;3753.5;3661.0;3747.7;10041.31858707
2019-02-11;3747.7;3750.0;3672.0;3681.08053546;7797.03223491
2019-02-12;3681.0;3728.0;3645.0;3694.2;11337.37699122
2019-02-13;3694.1;3742.39039255;3631.0;3666.1;11761.18194993
2019-02-14;3666.05085673;3682.87483504;3640.0;3656.7;7532.91144799
2019-02-15;3656.7;3719.0;3642.8;3670.1;7806.98811909
2019-02-16;3670.0;3726.7;3664.0;3676.44566949;7515.70483955
2019-02-17;3676.44566949;3790.0;3655.0;3735.5;14075.68111925
2019-02-18;3735.5;4021.0;3723.6;3978.1;37616.38136373
2019-02-19;3977.4;4083.5;3936.0;3989.9;24303.19229648
2019-02-20;3989.8;4070.0;3963.0;4055.0;15256.90732287
2019-02-21;4055.0;4145.0;3918.5;4008.8;15483.04516107
2019-02-22;4009.6;4074.0;3987.5;4058.3;14206.28026416
2019-02-23;4058.3;4255.0;4013.8;4212.2;21530.96570761
2019-02-24;4212.2;4282.4;3812.0;3831.3;36095.05016405
2019-02-25;3831.4;3966.5;3830.0;3921.8;10406.15612118
2019-02-26;3921.7;3934.1;3862.8;3896.8;5112.69969848
2019-02-27;3896.8;3934.0;3761.2;3900.1;12033.32506018
2019-02-28;3899.9;3988.0;3875.0;3894.0;12096.66631299
2019-03-01;3893.1;3949.0;3893.0;3914.0;4758.42170141
2019-03-02;3913.7;3924.0;3838.89411809;3913.0;5114.60897238
2019-03-03;3913.0;3925.0;3855.0;3885.0;2877.99800951
2019-03-04;3884.9;3911.1;3767.0;3800.3;10185.49022998
2019-03-05;3800.1;3968.7;3786.1;3951.6;10796.72638702
2019-03-06;3951.6;3986.5;3910.9;3951.4;6590.84499627
2019-03-07;3951.5;3997.4;3933.32843157;3964.4;7640.46908769
2019-03-08;3964.4;4021.0;3850.0;3940.5;9360.44906454
2019-03-09;3940.5;4046.2;3933.9;4017.33129524;7381.72010915
2019-03-10;4017.2;4017.2;3959.4479162;4000.0;4674.11237098
2019-03-11;3998.6;4009.2;3920.1;3949.1;6609.55860023
2019-03-12;3949.3;3979.5;3895.2;3954.1;7625.99903409
2019-03-13;3954.1;3972.6;3925.1;3946.2;5531.00602251
2019-03-14;3945.5;4004.0;3869.3;3948.3;8303.48813976
2019-03-15;3948.7;4011.0;3948.4;4003.2;6737.58548732
2019-03-16;4003.2;4166.8;4003.1;4088.0382664;13944.79260524
2019-03-17;4088.1;4089.8;4041.1;4068.9;3392.82321589
2019-03-18;4068.9;4120.0;4034.02380303;4073.7;3679.86716697
2019-03-19;4073.7;4120.0;4055.15050072;4104.59328854;5548.93072968
2019-03-20;4104.5;4136.5;4072.7;4127.16189623;7817.30146944
2019-03-21;4127.16189623;4146.9;4004.0;4044.8;11825.08244491
2019-03-22;4044.9;4070.6;4034.9;4045.2;4835.95805668
2019-03-23;4045.14604641;4084.0;4028.4;4063.2;4367.96676293
2019-03-24;4063.1;4063.1;4011.0;4041.4;3364.27047312
2019-03-25;4041.4;4049.9;3939.0;3970.0;6717.13981601
2019-03-26;3970.0;3996.0;3943.8;3992.7;5092.13989196
2019-03-27;3992.7;4109.9;3979.3;4102.5;7933.53295978
2019-03-28;4102.6;4114.4;4064.0;4092.56783507;6215.26892752
2019-03-29;4092.56783507;4197.2;4082.3;4179.0;8647.40072507
2019-03-30;4179.1;4210.0;4112.0;4165.10362609;6635.07409196
2019-03-31;4165.10362609;4182.9;4152.8;4167.5;2271.73949652
2019-04-01;4167.5;4224.6;4124.0;4196.80421298;7005.66186408
2019-04-02;4196.9;5106.9060781;4187.4;4922.1;54148.25888931
2019-04-03;4922.2;5335.5;4842.2;4978.0;44293.02019615
2019-04-04;4977.9;5100.0;4834.0032346;4938.9;15415.82950616
2019-04-05;4939.3;5132.5;4929.5;5083.0;11362.75487465
2019-04-06;5084.0;5280.0;4960.2;5091.1;14204.21807948
2019-04-07;5091.1;5321.6;5075.0;5238.0;9951.59934068
2019-04-08;5238.9;5373.9;5138.6;5312.4;17816.93767317
2019-04-09;5312.3425602;5312.4;5170.0;5216.3;11902.33692328
2019-04-10;5217.1;5488.0;5193.5;5310.1;15781.01749947
2019-04-11;5310.1;5342.1;4952.4;5059.0;19430.17186758
2019-04-12;5062.00687231;5134.9;4934.7;5114.0;9220.70737032
2019-04-13;5114.1;5163.0;5070.2;5103.7;5208.71645551
2019-04-14;5103.8502618;5211.9;5054.8;5194.4;4145.70305095
2019-04-15;5194.3;5218.6;4977.0;5042.78720109;9522.67193927
2019-04-16;5042.7;5256.7;5029.6;5234.4;8376.54554532
2019-04-17;5234.4;5300.0;5206.8;5254.5;9284.13151515
2019-04-18;5254.5;5340.0;5251.0;5310.86393314;9040.38754774
2019-04-19;5310.8;5376.0;5220.0;5314.1;6307.09569834
2019-04-20;5314.1;5404.84614183;5283.9;5340.03926547;6482.20856176
2019-04-21;5340.06626381;5368.0;5255.0;5321.9;6153.65084029
2019-04-22;5320.3;5459.5;5276.5;5417.8;11951.60392077
2019-04-23;5417.9;5647.4;5387.5;5546.1;18768.59723523
2019-04-24;5547.0;5690.0;5407.1;5479.6;16533.95319566
2019-04-25;5479.6;5558.0;5055.0;5215.6;21494.08550121
2019-04-26;5215.6;5525.0;5172.7;5410.9;21534.88858042
2019-04-27;5410.8;5458.0;5351.0;5401.9;4566.88450632
2019-04-28;5401.8;5545.7;5401.7;5486.8;7767.6547079
2019-04-29;5483.3;5518.0;5365.0;5480.1;7811.59365172
2019-04-30;5480.0;5612.0;5451.5;5599.52273017;7442.8264899
2019-05-01;5599.52273017;5655.0;5577.5;5629.5;5537.05042588
2019-05-02;5629.6;5784.3;5611.1;5723.8;11075.8368328
2019-05-03;5736.6;6150.0;5702.29694186;6017.0;19480.28183518
2019-05-04;6019.9;6189.9903581;5863.4;6098.1;9437.42259102
2019-05-05;6098.1649927;6112.3;5956.0;6041.4021233;5815.53348677
2019-05-06;6041.4021233;6102.0;5901.0;6027.9;6477.39950895
2019-05-07;6028.9;6325.0;6028.9;6100.0;11990.22369015
2019-05-08;6103.8;6230.0;6007.8;6201.5;8222.18279599
2019-05-09;6201.8;6344.0;6153.4575144;6262.0;9682.27718866
2019-05-10;6262.0;6522.2;6212.2;6438.7;14493.48955268
2019-05-11;6438.7;7279.0;6438.7;7125.1;37945.37174068
2019-05-12;7125.1;7448.0;6858.0;6983.4;31958.82528419
2019-05-13;6980.2;8050.0;6879.9649408;7770.7;36467.14132655
2019-05-14;7770.7;8194.1;7651.0;7951.9;29342.89533348
2019-05-15;7951.9;8209.0;7832.45175911;8136.6341756;19036.43866675
2019-05-16;8132.5;8352.3;7700.1;7859.7;22313.8762668
2019-05-17;7860.4;7910.0;6999.9105737;7417.9;29021.92287556
2019-05-18;7421.7;7518.0;7207.6;7260.1;9319.33096968
2019-05-19;7260.0;8269.2;7249.34672701;8188.3;23458.30829652
2019-05-20;8185.10102918;8188.0;7600.1;7990.6;16901.81605768
2019-05-21;7985.1;8094.0;7814.8;7931.71147491;7692.99194632
2019-05-22;7931.71147491;8039.9;7500.0;7620.0;10794.67784198
2019-05-23;7620.0;7957.3;7436.4;7871.9;10552.95591937
2019-05-24;7876.8;8158.6;7784.5;7990.0;10926.32057561
2019-05-25;7990.3;8135.2;7950.0;8055.0;4336.17944267
2019-05-26;8055.0;8828.0;7877.93890221;8729.87136565;20158.16631553
2019-05-27;8729.8;8958.3;8650.0;8806.1;17561.87195154
2019-05-28;8806.1;8846.9;8517.4;8738.1;11139.56638082
2019-05-29;8738.1;8796.5;8455.0;8678.0;10304.6408121
2019-05-30;8679.7;9109.0;8005.0;8270.0;20289.85411138
2019-05-31;8269.9;8550.0;8099.9;8532.66591125;10929.80629901
2019-06-01;8533.11384961;8625.7;8451.0;8547.0;5457.31448292
2019-06-02;8546.9;8825.0;8540.0;8740.1;6243.25263946
2019-06-03;8740.0;8740.1;8032.0;8099.2;18662.44376719
2019-06-04;8099.2;8099.2;7501.52785992;7692.9;28124.34053556
2019-06-05;7692.9;7936.5;7593.9;7789.3;10825.49630634
2019-06-06;7789.3;7873.5;7455.0;7824.7;7553.39309031
2019-06-07;7815.3;8150.0;7762.9;7999.4;13456.91582945
2019-06-08;7999.9;8068.0;7800.1;7924.0;4772.31246907
2019-06-09;7924.0;7963.3;7497.9;7633.3;6830.13942396
2019-06-10;7633.3;8048.1;7513.2;8018.8;8903.84373159
2019-06-11;8018.7544992;8049.0;7711.0;7905.5;6526.84616842
2019-06-12;7905.4;8250.0;7821.0;8174.0;9144.94452831
2019-06-13;8174.1;8333.0;8026.0;8227.4;8889.61669612
2019-06-14;8227.4;8719.9;8161.7;8689.1;12713.63852327
2019-06-15;8689.1;8930.0;8607.2;8856.0;9399.94799689
2019-06-16;8856.0;9395.5;8801.0;8985.9;20909.8775668
2019-06-17;8985.9;9490.0;8985.9;9354.3;14168.46532358
2019-06-18;9352.5;9376.8;8945.0;9095.0;10598.61778311
2019-06-19;9094.4;9340.0;9062.0;9305.9;5765.53374889
2019-06-20;9305.9;9624.0;9241.0;9557.1;10592.87044766
2019-06-21;9557.2;10250.0;9557.2;10213.03996049;22297.62477523
2019-06-22;10223.0;11232.0;10080.0;10744.0;36677.46309612
2019-06-23;10744.0;11369.0;10572.0;10913.0;18589.93964857
2019-06-24;10909.0;11136.0;10560.0;11069.0;14402.62450501
2019-06-25;11069.648093;11780.0;10802.0;11737.0;21853.7659364
2019-06-26;11737.0;13764.0;11684.45046273;12876.0;55241.713209865586
2019-06-27;12876.0;13242.0;10388.0;11198.92190146;47606.087400462595
2019-06-28;11198.0;12417.0;10799.0;12338.0;31983.52263338087
2019-06-29;12337.0;12338.0;11354.0;11920.0;20428.971023028316
2019-06-30;11921.0;12234.0;10668.0;10809.0;19105.144520123566
2019-07-01;10800.0;11231.0;10088.0;10640.0;24903.2784965909
2019-07-02;10641.0;10965.0;9728.2;10885.0;28825.462968014614
2019-07-03;10884.0;12025.0;10876.0;11982.0;28089.778838832342
2019-07-04;11983.0;12065.0;11055.0;11162.485686;19843.20644282899
2019-07-05;11162.0;11452.0;10776.0;11003.0;16366.157029017055
2019-07-06;10999.0;11720.0;10961.0;11281.0;12208.08575541915
2019-07-07;11276.0;11620.0;11110.0;11485.0;8423.294244036528
2019-07-08;11485.0;12383.0;11310.0;12301.0;17838.61547820568
2019-07-09;12301.52190528;12814.64784556;12102.0;12558.0;19166.993046789194
2019-07-10;12564.0;13174.0;11529.0;12093.0;36055.91658955496
2019-07-11;12093.0;12093.20135337;10970.0;11340.0;21451.453679513317
2019-07-12;11340.0;11900.0;11099.0;11765.0;12247.8982874
2019-07-13;11765.10527017;11803.0;10805.0;11312.0;14722.69125074
2019-07-14;11312.0;11400.0;10122.0;10204.0;22495.76148986
2019-07-15;10199.0;11058.0;9880.0;10820.87573461;21438.16620214
2019-07-16;10820.0;11011.0;9352.0;9423.8;26182.07387684
2019-07-17;9420.0;9975.0;9084.7;9682.6;23128.15016171
2019-07-18;9686.1;10752.0;9260.6;10622.0;28829.01022448
2019-07-19;10622.0137754;10760.0;10118.0;10518.0;13155.63027303
2019-07-20;10517.58324013;11098.0;10370.0;10740.0;12131.43744168
2019-07-21;10740.0;10812.0;10298.0;10569.43491181;8247.37818017
2019-07-22;10570.0;10690.0;10052.0;10328.0;10903.75495343
2019-07-23;10330.88093683;10330.88093683;9820.0;9859.0;9766.29494047
2019-07-24;9859.0;9922.55144967;9534.05177698;9768.96811218;11574.75755505
2019-07-25;9773.0;10188.0;9733.3;9890.1;9222.08076596
2019-07-26;9889.98495235;9899.0;9650.2;9840.3;5116.22858012
2019-07-27;9840.36745434;10199.0;9296.0;9469.0;11774.25217655
2019-07-28;9465.6;9628.0;9101.4;9519.0;7754.39956059
2019-07-29;9519.0;9738.3;9376.7;9507.0;5696.48724957
2019-07-30;9503.0;9747.76671;9380.0;9588.99676375;5188.09845512
2019-07-31;9588.9;10120.0;9575.49379853;10088.0;7939.39798213
2019-08-01;10087.98969503;10500.0;9875.0;10400.0;7699.36379769
2019-08-02;10400.0;10659.0;10331.0;10520.0;8439.87873054
2019-08-03;10519.0;10917.0;10506.0;10822.0;7421.473594
2019-08-04;10822.0;11060.0;10514.0;10973.0;9280.21057575
2019-08-05;10973.0;11939.0;10973.0;11824.0;16130.53127869
2019-08-06;11828.0;12325.0;11249.0;11472.0;19339.467628630002
2019-08-07;11471.20065;12153.0;11385.0;11999.0;13658.90010528
2019-08-08;11999.0;12130.0;11550.0;12050.0;10988.14552463
2019-08-09;12050.0;12097.0;11703.0;11891.0;7808.28743736
2019-08-10;11891.0;12011.0;11208.0;11311.40028487;9023.81106403
2019-08-11;11311.0;11615.0;11129.0;11565.357744;5494.66919569
2019-08-12;11575.0;11585.0;11260.0;11404.0;3201.4259753
2019-08-13;11411.0;11468.0;10800.0;10904.01068603;9004.00070497
2019-08-14;10906.0;10909.0;9966.0;10064.558229;14507.83851046
2019-08-15;10067.0;10471.0;9522.0;10324.265494;17368.17966885
2019-08-16;10324.0;10568.0;9777.0;10369.0;12890.55656975
2019-08-17;10369.00204593;10494.70238424;10004.0;10228.0;4885.63998835
2019-08-18;10231.0;10533.0;10086.0;10332.192078;3901.85390471
2019-08-19;10328.434234;10964.0;10280.0;10938.0;7375.38019863
2019-08-20;10938.0;10993.0;10584.0;10792.13576002;5830.91975682
2019-08-21;10793.0;10825.0;9824.0;10146.95441589;11793.40483293
2019-08-22;10146.0;10255.0;9787.0;10117.0;6533.30404457
2019-08-23;10116.0;10466.0;10047.0;10408.0;6391.24399499
2019-08-24;10408.0;10427.0;9893.8;10154.0;5409.27540947
2019-08-25;10155.0;10350.0;9805.8;10132.0;5207.27736806
2019-08-26;10133.0;10675.0;10133.0;10377.0;8979.04620731
2019-08-27;10377.0;10395.0;10021.0;10184.0;4518.47246489
2019-08-28;10189.0;10370.0;9570.0;9727.4;10406.37604326
2019-08-29;9727.6;9729.7;9358.2;9509.4;7081.07803894
2019-08-30;9509.5;9725.0;9380.4;9601.0;3754.77640186
2019-08-31;9600.7;9715.0;9471.9;9623.9;2754.0959011200002
2019-09-01;9617.8;9868.0;9555.0;9779.1;2874.08149481
2019-09-02;9779.1;10474.0;9754.56718098;10388.0;11140.300192
2019-09-03;10388.0;10766.0;10291.0;10641.0;10739.36535758
2019-09-04;10641.04817556;10849.0;10410.0;10590.0;6254.72308921
2019-09-05;10591.0;10663.0;10481.64244548;10582.92652081;3012.41430648
2019-09-06;10579.0;10933.0;10208.0;10305.0;11278.19783621
2019-09-07;10311.0;10582.0;10306.0;10489.0;3376.30614229
2019-09-08;10490.0;10599.0;10241.90944816;10415.0;3505.55885029
2019-09-09;10412.0;10557.0;10118.0;10317.0;5201.53303373
2019-09-10;10317.363817;10399.0;9959.0;10121.0;4211.66529481
2019-09-11;10121.75849382;10300.0;9814.0;10175.0;4355.86695745
2019-09-12;10175.0;10488.0;10064.0;10452.0;4402.71457761
2019-09-13;10450.0;10475.0;10155.0;10374.0;4501.81303183
2019-09-14;10384.0;10488.0;10255.0;10380.0;3157.74265392
2019-09-15;10381.0;10403.0;10275.0;10321.0;1885.6285794
2019-09-16;10321.97636977;10404.0;10091.0;10290.0;5515.60687192
2019-09-17;10289.49629127;10308.0;10163.0;10214.08319674;2944.73433784
2019-09-18;10216.0;10278.0;10111.0;10185.0;3339.17191254
2019-09-19;10184.97069252;10487.0;9655.0;10301.0;9766.20759473
2019-09-20;10300.768691;10340.0;10104.0;10197.0;2514.16347485
2019-09-21;10197.99421167;10199.0;9942.9;10013.0;2979.88388402
2019-09-22;10012.456212;10105.0;9880.7;10055.0;2753.46679225
2019-09-23;10059.0;10077.0;9610.3;9702.6;5489.73040839
2019-09-24;9708.5;9795.0;8100.0;8538.7;34869.18936608
2019-09-25;8536.98431152;8773.6;8262.0;8475.3;12773.96302908
2019-09-26;8472.0;8493.07282992;7796.6;8105.9;15418.99302226
2019-09-27;8105.9;8309.8;7906.3;8213.4;7469.15589624
2019-09-28;8213.4;8390.0;8032.1;8238.2;5448.66037286
2019-09-29;8238.2;8260.2;7930.0;8090.0;6143.57880321
2019-09-30;8090.0;8385.0;7733.3;8331.13524644;10919.90168886
2019-10-01;8337.34811911;8539.3;8228.0;8334.9;5835.93129998
2019-10-02;8333.67958178;8420.0;8193.0;8414.8772103;3449.86707431
2019-10-03;8414.8772103;8440.0;8084.1;8261.1;3716.23972709
2019-10-04;8260.5;8264.9;8032.7;8170.0;3051.67351222
2019-10-05;8170.1;8210.8;8040.0;8162.5;3327.5512383
2019-10-06;8163.2;8183.23540584;7806.7;7883.0;5857.57227204
2019-10-07;7882.6;8366.1;7793.2;8227.0;8149.94723034
2019-10-08;8226.9;8362.0;8132.7;8205.0;3466.84346322
2019-10-09;8205.0;8719.2;8146.55980111;8607.5;8392.43741424
2019-10-10;8607.4;8683.9;8472.0;8596.0;4319.92257317
2019-10-11;8596.0;8815.3;8253.0;8278.2;6078.77656871
2019-10-12;8278.4;8423.7;8270.5;8319.6;1707.70646064
2019-10-13;8320.3;8477.96534398;8160.4;8304.9;4042.57348547
2019-10-14;8304.9;8428.2;8227.3;8369.9648501;2540.53832557
2019-10-15;8369.9648501;8439.7;8100.0;8191.1;3276.54047254
2019-10-16;8191.1;8204.3;7960.0;8016.0;7077.38095353
2019-10-17;8016.1;8150.5326571;7949.3;8092.3;2811.80766712
2019-10-18;8092.3;8135.11397057;7860.0;7987.3;5300.35145403
2019-10-19;7989.1;8119.5;7927.0;7992.9;3511.19965694
2019-10-20;7993.0;8337.0;7921.6;8260.7;4866.6220712800005
2019-10-21;8260.7;8371.3;8181.8;8243.8;3420.45992308
2019-10-22;8243.8806926;8333.0;8034.9;8054.3;3851.3730258
2019-10-23;8054.0;8074.5;7333.4;7493.7;12982.85663459
2019-10-24;7493.7;7529.0;7367.9;7453.0;5804.04138743
2019-10-25;7453.1;8803.1;7426.0;8679.1;17096.47880214
2019-10-26;8678.8;10480.0;8661.8518214;9270.9;32057.68092297
2019-10-27;9274.9;9823.86430734;9121.2;9571.8;11105.29732283
2019-10-28;9573.9;9948.9;9216.8;9225.7;8992.94215642
2019-10-29;9229.2;9559.80072846;9100.0;9445.5;6727.59142814
2019-10-30;9446.9;9446.9;9035.0;9184.3;5047.69580549
2019-10-31;9184.4;9467.1;8982.1;9185.6;5668.14046139
2019-11-01;9186.6;9333.0;9085.5577764;9289.0;4090.95705993
2019-11-02;9288.4;9429.5;9251.50119619;9332.1;3657.49109114
2019-11-03;9332.2;9400.6;9100.0;9222.4;3616.53932035
2019-11-04;9223.0;9645.0;9152.0;9440.0;7470.0597828
2019-11-05;9441.2;9504.09548235;9185.1;9339.7;3412.6666629
2019-11-06;9337.19572;9475.0;9278.0;9352.8;3469.75747056
2019-11-07;9354.9295;9387.1;9051.6;9209.2;3746.1431351
2019-11-08;9212.5;9252.9;8681.0;8782.3;7864.40438304
2019-11-09;8782.3;8896.0;8734.8;8828.04720425;1958.39039443
2019-11-10;8828.04720425;9250.0;8764.0;9069.7;4635.78686933
2019-11-11;9069.7;9108.5;8616.5;8737.71515942;4243.05003964
2019-11-12;8737.71515942;8910.0;8602.0;8830.0;3504.6630025
2019-11-13;8830.0;8849.9;8730.3;8801.1;1340.10028215
2019-11-14;8800.99369654;8817.4;8600.0;8655.7;3304.67593606
2019-11-15;8655.4;8800.0;8420.1;8495.83262528;5184.16675492
2019-11-16;8495.8;8577.0;8440.1;8523.5;1534.6109471299999
2019-11-17;8523.4;8699.5;8404.4;8537.3;2837.15367335
2019-11-18;8537.0;8537.0;8117.0;8219.5;6362.43660724
2019-11-19;8219.5;8245.53052527;8051.7;8164.9;3703.8972421
2019-11-20;8164.9;8257.8;8081.0;8126.4;2060.18583228
2019-11-21;8126.4;8155.9;7500.0;7671.1;9890.61993828
2019-11-22;7671.1;7766.0;6819.2;7317.2;19368.41530127
2019-11-23;7318.6;7385.0;7141.0;7352.6;4626.89050391
2019-11-24;7352.7;7372.0;6922.0;6965.3;8576.35608923
2019-11-25;6965.2;7414.4;6618.0;7162.8;18517.18653203
2019-11-26;7162.8;7386.3;7047.2;7198.3;5197.47942672
2019-11-27;7198.6;7689.0;6878.2;7549.3;13895.62700653
2019-11-28;7547.3;7690.0;7415.0;7460.8;4302.7005309
2019-11-29;7460.7;7933.4;7450.0;7796.6;7279.60305758
2019-11-30;7796.6;7861.6;7492.0;7599.8823169;4974.18851876
2019-12-01;7599.3;7600.1;7288.6;7450.1;6332.7004248700005
2019-12-02;7450.04707791;7467.3;7206.4;7350.25736;4628.57147872
2019-12-03;7350.25736;7454.6;7287.0;7336.02376319;2297.90981507
2019-12-04;7336.0;7890.0;7129.0;7238.3;11723.6030484
2019-12-05;7239.4;7530.9;7191.0;7440.0;4785.98602868
2019-12-06;7440.0;7661.8;7350.0;7588.3;5714.48897892
2019-12-07;7584.7;7669.8;7516.7;7543.2;1724.38837205
2019-12-08;7543.1;7620.0;7433.6;7564.6;4300.36168837
2019-12-09;7564.6;7748.7;7306.2;7379.52142186;6556.87776181
2019-12-10;7379.52142186;7434.6;7200.0;7254.6;3640.21357381
2019-12-11;7254.6;7312.0;7169.0;7230.72229344;3124.7080789
2019-12-12;7230.8;7369.0188921;7132.8;7224.0;5640.15053042
2019-12-13;7224.1;7332.0;7218.7;7283.2;2901.56609731
2019-12-14;7283.2;7290.5;7032.6;7100.8;3411.30434483
2019-12-15;7100.8;7224.8;7043.9;7152.7;3562.90214534
2019-12-16;7152.7;7196.0;6900.0;6926.6;13417.83009933
2019-12-17;6926.8;6972.0;6620.0;6667.1;12656.31332305
2019-12-18;6667.0681032;7482.2;6477.0;7326.2;13752.71016785
2019-12-19;7326.2;7417.1;7079.7;7181.8;5430.84308582
2019-12-20;7181.7701988;7249.0;7116.8;7212.92590776;5703.23987872
2019-12-21;7213.0;7215.1;7136.5;7166.4;2281.85065142
2019-12-22;7166.4;7541.4;7159.6;7535.1;3620.89450408
2019-12-23;7535.9;7715.1;7282.4;7347.4;7082.31909885
2019-12-24;7347.4;7445.0;7182.1;7276.9;4254.62113215
2019-12-25;7276.9;7294.2;7113.2;7220.1;3361.83404018
2019-12-26;7220.053366;7465.0;7181.8;7232.4;4715.48411984
2019-12-27;7231.6;7300.0;7113.3;7287.0;3996.64722714
2019-12-28;7287.0;7390.0;7279.2;7334.4;2731.06071133
2019-12-29;7334.4;7551.6;7311.6;7413.6;2494.48720595
2019-12-30;7416.1;7421.7;7201.29026477;7260.9;4088.9581586
2019-12-31;7260.9;7333.0;7161.3;7208.3;2992.68613293
2020-01-01;7208.2;7285.1;7185.4;7212.7;2071.05604595
2020-01-02;7212.395985;7225.8;6963.0;6989.4;4849.33844669
2020-01-03;6989.4;7444.9;6909.3;7371.2;6681.66874052
2020-01-04;7371.1;7422.0;7297.3;7369.83176114;4265.71285464
2020-01-05;7370.3;7509.9;7315.8;7364.6;4450.63547483
2020-01-06;7363.9;7785.0;7358.0;7757.9;8541.27969512
2020-01-07;7759.5;8210.3;7741.9;8154.1;12355.97377472
2020-01-08;8158.3;8442.0;7877.6;8036.8;11756.80045611
2020-01-09;8036.8;8036.8;7756.0;7817.4514653;4671.29012564
2020-01-10;7817.4;8185.9;7675.8;8184.5;7857.9180030200005
2020-01-11;8180.3;8282.4;7991.8;8013.7;4254.51762488
2020-01-12;8013.63408437;8174.7;7951.7;8174.7;3207.41767775
2020-01-13;8174.6670523;8199.7;8053.6;8095.8;2593.23954615
2020-01-14;8095.8;8829.0;8095.8;8772.6;16573.65972765
2020-01-15;8771.0;8873.0;8560.1;8807.7;8779.11954403
2020-01-16;8807.7;8839.9;8579.8;8720.6;5311.58250504
2020-01-17;8719.54720583;9000.0;8674.2;8875.4;9692.87415905
2020-01-18;8875.5;8965.0;8791.12468089;8891.6;3460.77284892
2020-01-19;8891.5;9169.5;8450.0;8698.7;12407.35672898
2020-01-20;8698.7;8741.1;8519.6;8638.2;4105.40575415
2020-01-21;8638.2;8787.17417425;8500.0;8734.1;3251.16389954
2020-01-22;8734.2;8799.9;8580.5;8663.9;2354.22930226
2020-01-23;8663.8;8670.4;8296.0;8403.56851721;5703.90855399
2020-01-24;8403.56851721;8523.0;8246.0;8447.12967307;3508.74666982
2020-01-25;8447.1;8447.2;8280.0;8353.7;2101.66598957
2020-01-26;8353.7;8631.6;8301.0;8621.5;3518.08289784
2020-01-27;8621.6;9001.86207428;8585.0;8912.0;6276.878829
2020-01-28;8912.0570368;9414.0;8911.1;9397.0;9119.89518062
2020-01-29;9393.67551447;9442.3;9242.2;9300.3;4603.22515537
2020-01-30;9305.2;9550.0;9122.8;9512.71161782;9020.7746299
2020-01-31;9512.71161782;9519.9;9220.3;9367.4;4868.45814453
2020-02-01;9367.5;9476.4;9318.0;9408.0;2534.89130183
2020-02-02;9409.4;9501.3;9165.0;9352.2;6439.08974277
2020-02-03;9353.0;9628.6;9247.0;9309.3;6717.98950381
2020-02-04;9309.2;9359.8;9112.5;9197.4;4069.49633762
2020-02-05;9197.4;9731.9;9180.2023255;9612.0;10769.12701241
2020-02-06;9612.1;9860.0;9547.0;9744.90010004;8583.738804
2020-02-07;9745.0;9860.0;9683.9;9805.2;3703.84268634
2020-02-08;9805.2;9920.8;9657.8;9877.2;5525.97872617
2020-02-09;9877.3;10165.0;9871.1;10151.0;9637.91116045
2020-02-10;10151.93578445;10187.0;9701.0;9851.2;8521.96836298
2020-02-11;9851.7;10316.0;9720.0;10247.0;8425.2741537
2020-02-12;10247.0;10460.0;10238.0;10338.0;8707.36085065
2020-02-13;10338.0;10491.0;10058.0;10222.0;8976.65463806
2020-02-14;10222.82359378;10373.0;10101.0;10335.0;4127.43243172
2020-02-15;10335.0;10373.0;9800.0;9900.9;6397.60288513
2020-02-16;9901.0;10037.0;9651.3;9926.8;6931.63016385
2020-02-17;9925.3;9969.2;9501.5;9708.0;9300.64272414
2020-02-18;9712.0;10275.0;9625.8;10184.0;8248.34330105
2020-02-19;10184.0;10310.0;9290.0;9592.3;13936.96722914
2020-02-20;9590.8;9699.9;9359.7;9608.1;6497.36311172
2020-02-21;9609.2;9760.3;9566.8;9692.9;11101.12445238
2020-02-22;9692.9;9719.0;9565.1;9663.0;1844.44583851
2020-02-23;9663.0;10001.0;9660.0;9985.0;7322.16782784
2020-02-24;9985.0;10022.0;9441.2;9674.1;6591.77164856
2020-02-25;9674.0;9691.9;9251.4;9327.5;8488.33003873
2020-02-26;9327.4;9385.9;8652.7;8813.2;14585.8037278
2020-02-27;8807.1;8975.0;8555.0;8825.6;8392.7080767
2020-02-28;8825.66115173;8908.3;8455.09929552;8728.0;7079.49848295
2020-02-29;8728.0;8829.0;8557.3;8561.5;2496.91014468
2020-03-01;8561.4;8775.0;8460.0;8556.7;5391.10657424
2020-03-02;8556.7;8990.8;8524.62816151;8938.4;5322.09121706
2020-03-03;8938.6;8940.0;8686.2;8791.1;5324.51374097
2020-03-04;8792.3;8877.7;8718.4;8788.6;4170.44984814
2020-03-05;8788.6;9186.5;8788.6;9090.8;5715.98442883
2020-03-06;9090.0;9199.7;9011.3;9180.6;3138.04299005
2020-03-07;9180.6;9241.5;8867.4;8919.0;4488.72430692
2020-03-08;8918.9;8919.0;8043.2;8073.99728926;25592.0034775
2020-03-09;8073.9;8215.0;7700.0;7967.3;22558.46653578
2020-03-10;7965.4;8180.0;7776.6;7913.8;10174.46424416
2020-03-11;7917.9301252;8034.6;7634.8;7969.6;10975.8456232
2020-03-12;7974.4;8001.7;4607.7;4873.1;116698.05168985
2020-03-13;4886.0;5973.3;4000.0;5625.7;102821.64605317
2020-03-14;5620.9;5682.4;5095.0;5218.2;18639.84392061
2020-03-15;5218.2;5987.0;5133.0;5383.2;22624.20474846
2020-03-16;5383.2;5388.9;4467.9009243;5058.5;41779.40947088
2020-03-17;5058.5;5572.8;4956.3;5339.1;19595.85843754
2020-03-18;5339.1;5487.96366832;5033.0;5416.2;21127.20019235
2020-03-19;5417.0;6416.7;5264.6;6173.6;31248.3352863
2020-03-20;6173.9;6929.8;5665.0246058;6206.5;31077.03304621
2020-03-21;6209.2;6474.7;5882.4;6201.7;12942.29259347
2020-03-22;6201.8;6410.9;5755.5;5820.09678077;16275.91741269
2020-03-23;5820.0;6664.3;5677.0;6491.5;19554.6831608
2020-03-24;6489.7;6840.0;6406.0;6762.09308369;16617.89644742
2020-03-25;6762.1;6968.0;6430.2;6688.2;13788.85716863
2020-03-26;6688.29966788;6790.8;6516.0;6751.9;6728.7182611
2020-03-27;6752.5;6861.4;6256.0;6370.0;11079.80334647
2020-03-28;6371.9;6371.9;6050.0;6250.0;12963.61054843
2020-03-29;6249.5;6280.0;5892.6;5892.7;11218.70658346
2020-03-30;5892.6;6636.0;5880.9;6407.6;12378.55890583
2020-03-31;6407.6;6536.0;6349.7;6427.68278638;5753.09313213
2020-04-01;6429.0;6726.5;6180.0;6675.0;11234.4749959
2020-04-02;6679.5;7283.5;6580.0;6810.7;20104.5807124
2020-04-03;6811.8;7049.1;6623.3;6740.8;9968.39865963
2020-04-04;6742.0;7014.0;6660.0;6880.1;7124.3330499
2020-04-05;6880.6;6917.9;6690.2;6780.2;5652.67664892
2020-04-06;6780.8;7364.4;6775.1;7340.2;14585.69114306
2020-04-07;7340.2;7454.3;7088.0;7202.99832851;11993.35282812
2020-04-08;7201.8;7420.0;7151.64491202;7367.0;8182.42316218
2020-04-09;7367.1;7370.7;7117.0;7293.7;7754.20710232
2020-04-10;7293.7;7305.76199669;6756.3;6875.5;15844.60006755
2020-04-11;6874.3;6957.8;6780.0;6884.5;4068.11318523
2020-04-12;6884.5;7192.5;6797.6;6919.0;8889.09930425
2020-04-13;6916.6;6917.0;6571.1;6848.7;12678.37087725
2020-04-14;6847.30541983;6985.0;6762.6;6874.0;4302.34215197
2020-04-15;6872.9;6940.6;6620.5;6633.7227701;6006.94443124
2020-04-16;6633.7227701;7200.0;6500.4;7114.7;17754.64674559
2020-04-17;7114.7;7160.5;7010.2;7045.8;4680.56258763
2020-04-18;7045.8054993;7309.7;7031.1;7268.8;5200.81546636
2020-04-19;7269.0;7285.4;7056.9;7133.3;4738.70085075
2020-04-20;7133.3;7236.3;6766.0;6837.7;9978.68485058
2020-04-21;6837.1;6958.8;6770.1;6850.0;6462.76716396
2020-04-22;6849.9405434;7164.0;6826.1783037;7133.0;5145.54095742
2020-04-23;7133.0;7773.9;7042.0;7498.9;16382.17175154
2020-04-24;7499.0;7614.0;7420.1;7508.3;8804.91471287
2020-04-25;7508.4;7700.0;7450.0;7538.5;5172.52094918
2020-04-26;7538.6;7697.9;7473.5;7697.9;5323.10997912
2020-04-27;7697.9;7777.7;7613.4;7777.6033919;6896.32676602
2020-04-28;7777.7;7777.7;7655.8;7750.7;5624.81706935
2020-04-29;7750.6;8918.0;7705.1;8778.7;30251.52005367
2020-04-30;8782.1;9441.90721684;8416.0;8631.81715292;29829.04982383
2020-05-01;8630.7;9070.0;8626.5;8822.8;7918.29898302
2020-05-02;8823.0;9004.043244;8756.2;8982.3;5097.22853333
2020-05-03;8982.4;9198.0;8738.0;8899.8;9765.79842519
2020-05-04;8901.34819902;8961.8;8517.0;8865.8;9320.33222342
2020-05-05;8867.5;9124.8;8758.6;9020.1;7716.45989178
2020-05-06;9020.1;9418.0;8913.56992467;9152.47099343;8729.63282109
2020-05-07;9150.5;10045.0;9029.0;9979.6;19874.51458376
2020-05-08;9979.6;10025.0;9705.0;9792.4;12205.17623293
2020-05-09;9792.3;9900.0;9463.99256;9537.8;8259.43034571
2020-05-10;9537.7;9559.0;8101.0;8722.2;26516.70657788
2020-05-11;8721.2;9142.0;8200.0;8555.1;20562.16222507
2020-05-12;8555.0507848;8968.0;8526.4;8811.4;5653.92157888
2020-05-13;8811.3;9408.0;8799.5;9312.0;9885.42114334
2020-05-14;9311.967387;9938.7;9266.2;9790.95415762;12867.68761721
2020-05-15;9791.0;9848.9;9130.2;9311.2;11340.26978057
2020-05-16;9307.6;9580.0;9222.0;9387.9520897;4157.69176242
2020-05-17;9386.0;9883.5;9329.7;9668.2;9663.26208676
2020-05-18;9668.2;9944.0;9450.0;9714.82516261;9201.53654882
2020-05-19;9714.9;9878.0;9457.8;9769.4;5587.12465583
2020-05-20;9770.1;9842.7;9301.0;9502.0;9595.21917999
2020-05-21;9502.0;9564.1;8815.3;9057.1;11339.88801098
2020-05-22;9059.2;9269.0;8935.4;9162.4;3832.77249212
2020-05-23;9162.3448589;9304.0;9072.8;9175.6;2453.125717
2020-05-24;9176.4;9300.0;8688.0;8710.1;6733.49715849
2020-05-25;8710.1;8963.7;8620.0;8902.0;5608.75457158
2020-05-26;8901.1;9013.3;8704.9;8845.5;3944.81212719
2020-05-27;8845.5;9225.0;8822.2;9210.29871677;5461.63149989
2020-05-28;9210.3;9630.3;9118.2;9589.3;7632.42847296
2020-05-29;9587.5;9618.8;9352.0;9426.1;3876.5759255
2020-05-30;9425.1;9750.0;9323.3;9706.4;6158.32666792
2020-05-31;9707.1;9707.2;9402.6;9451.1;3691.18204291
2020-06-01;9451.1;10398.0;9421.75975983;10225.97600025;13427.10257919
2020-06-02;10225.97600025;10252.0;9150.0;9526.96808253;21471.12078961
2020-06-03;9526.9;9689.8;9400.0;9676.6;2672.27666933
2020-06-04;9677.6;9882.1;9461.00275433;9790.700076;4275.99014709
2020-06-05;9790.700076;9865.8;9620.4;9620.4;3625.85631543
2020-06-06;9620.4;9742.3;9552.60822337;9668.4;1949.45635856
2020-06-07;9668.5;9814.0;9393.8;9747.1;4709.02827497
2020-06-08;9749.9;9800.0;9647.1;9784.4;2361.71549019
2020-06-09;9784.5;9876.0;9577.9;9771.9;3403.0473055
2020-06-10;9774.0;10012.0;9661.6;9898.8;4438.62306475
2020-06-11;9898.9;9972.8;9084.0;9272.2;15783.06793445
2020-06-12;9277.9;9544.0;9246.0;9468.3;5048.84363315
2020-06-13;9468.0;9498.6;9363.59686037;9480.87818464;1845.58355902
2020-06-14;9480.8;9486.0;9262.0;9344.75144536;2698.82885588
2020-06-15;9343.1;9530.9;8914.9;9435.0;10162.02504916
2020-06-16;9434.9;9590.0;9388.0;9534.401723;3442.05679575
2020-06-17;9534.5;9566.0;9260.0;9473.4;3140.81963461
2020-06-18;9473.4;9496.9;9285.0;9400.0;1658.23492008
2020-06-19;9400.04258188;9444.1;9237.0;9315.5;2616.7058299
2020-06-20;9313.02085193;9406.6;9178.0;9371.3;1865.47515095
2020-06-21;9374.2;9431.2;9292.0;9301.0;1338.76911008
2020-06-22;9299.5;9795.0;9285.2;9697.72816498;5876.94315576
2020-06-23;9697.72816498;9724.0;9589.7;9635.2;3421.05102569
2020-06-24;9635.2;9684.1;9212.0;9312.1;5524.89802578
2020-06-25;9305.2;9349.0;9011.0;9257.03466936;5545.31009709
2020-06-26;9257.03466936;9299.0;9054.1;9173.1;3691.05093006
2020-06-27;9173.2;9202.5;8855.0;9015.3;3372.16006102
2020-06-28;9014.8;9193.187058;8946.6;9125.366022;2110.24642108
2020-06-29;9125.366022;9244.0;9018.12556046;9194.43385096;3642.40403593
2020-06-30;9194.43385096;9206.45653809;9077.0;9150.7;1833.03971963
2020-07-01;9150.6467222;9298.0;9109.4;9239.9;2192.65665227
2020-07-02;9239.4;9266.2;8950.0;9100.0;3791.70680325
2020-07-03;9100.1;9135.5;9056.7;9073.2;1087.11722411
2020-07-04;9073.2;9204.0;9060.0;9147.7;1130.89317765
2020-07-05;9146.79675146;9152.30680224;8918.0;9084.28473392;2084.26945357
2020-07-06;9089.0;9389.58638306;9075.80199233;9361.1;4261.04610108
2020-07-07;9361.12445025;9389.40580899;9211.1;9267.51494932;1632.42789733
2020-07-08;9267.57549347;9497.2;9256.0;9447.0;3814.77723032
2020-07-09;9447.1;9451.7;9175.0;9248.86416894;3709.08975826
2020-07-10;9248.9;9324.6;9133.1;9304.6;1420.69938721
2020-07-11;9304.9;9311.8;9200.1;9246.3;812.83259594
2020-07-12;9245.5;9368.4;9175.0;9315.8;1864.40441369
2020-07-13;9320.2;9350.0;9220.0;9252.0;1927.22488926
2020-07-14;9251.6;9287.3;9107.0;9263.4;2196.282437
2020-07-15;9263.7914;9280.0;9179.0;9210.1;897.57903844
2020-07-16;9210.1;9227.2;9026.6;9149.6;2873.49133989
2020-07-17;9149.6;9194.0;9102.1;9167.32861157;1064.21015788
2020-07-18;9167.32861157;9217.1;9120.1;9189.1;1172.10272826
2020-07-19;9189.1;9299.0;9111.8;9231.2;1440.22632243
2020-07-20;9231.2;9238.2;9154.5;9179.2;1402.35976776
2020-07-21;9179.2;9457.2;9174.4179114;9402.0;5398.71585906
2020-07-22;9402.1;9642.4;9305.0;9557.7;4152.34741625
2020-07-23;9557.7;9685.43228684;9475.0;9615.0;4698.40697756
2020-07-24;9615.0;9644.0;9469.65964973;9559.1;2262.02669659
2020-07-25;9559.00520597;9754.5;9555.5;9714.89020414;2562.7864653
2020-07-26;9714.9;10190.0;9674.8;9948.4;8945.66976492
2020-07-27;9948.4;11379.0;9944.9;11043.96287976;21575.30615722
2020-07-28;11044.32215834;11263.0;10590.0;10932.0;9878.58905271
2020-07-29;10931.55841463;11355.0;10851.0;11117.0;8823.29419803
2020-07-30;11117.39512086;11189.20867739;10855.80732708;11123.0;4251.00604941
2020-07-31;11122.78517118;11440.0;10990.0;11350.0;5830.1458832
2020-08-01;11350.0;11843.0;11227.0;11804.7440126;10574.54259436
2020-08-02;11805.0;12097.0;10548.0;11053.77256233;13217.6364586
2020-08-03;11058.83877657;11456.0;10943.0;11226.52172839;4085.5068594
2020-08-04;11226.99217374;11396.0;11003.0;11184.0;3256.06346449
2020-08-05;11187.0;11800.0;11085.0;11735.81391634;5786.68941182
2020-08-06;11735.93261188;11890.0;11557.0;11759.0;3901.71404458
2020-08-07;11759.0;11900.0;11326.0;11580.04081238;5093.55309175
2020-08-08;11580.04081238;11796.0;11523.0;11764.0;1874.37849071
2020-08-09;11763.0;11788.0;11530.0;11675.32006989;1571.87081403
2020-08-10;11675.32006989;12065.0;11450.0;11892.0;6575.26897597
2020-08-11;11893.0;11943.0;11123.0;11379.0;7105.92315064
2020-08-12;11379.0;11613.97869844;11100.0;11583.0;4309.29975682
2020-08-13;11583.0;11822.0;11279.0;11792.46007598;5779.6932746
2020-08-14;11793.16904862;11869.0;11650.03890904;11761.0;4652.45752198
2020-08-15;11762.0;11997.0;11705.0;11873.41825354;4038.10832313
2020-08-16;11873.41825354;11944.0;11705.0;11925.0;2717.98718733
2020-08-17;11924.02573127;12490.0;11675.0;12300.0;10122.6714163
2020-08-18;12303.0;12405.0;11814.0;11961.83967646;7179.55648352
2020-08-19;11961.83967646;12025.25974;11608.59604692;11778.0;6287.195758
2020-08-20;11778.02622206;11902.0;11680.0;11884.677714;2734.22904121
2020-08-21;11884.677714;11899.0;11500.0;11531.0;6102.59595826
2020-08-22;11527.0;11703.0;11390.0;11685.0;3458.466714
2020-08-23;11683.0;11736.0;11538.0;11663.0;1929.78739306
2020-08-24;11663.0;11847.0;11605.0;11768.0;1987.28075227
2020-08-25;11765.0;11778.0;11137.0;11341.4006669;6158.91793348
2020-08-26;11341.0;11546.0;11219.88888;11471.10096;2484.87645848
2020-08-27;11472.0;11609.0;11145.0;11343.0;4811.07166836
2020-08-28;11343.0;11567.0;11303.0;11545.0;2024.55122551
2020-08-29;11544.621284;11606.34239887;11450.0;11492.0;1520.98782067
2020-08-30;11492.0;11730.0;11480.0;11730.0;2102.9568569
2020-08-31;11729.89978204;11790.0;11600.0;11671.0;2242.98394163
2020-09-01;11671.23323392;12067.0;11552.0;11942.0;5020.38142016
2020-09-02;11942.89423579;11975.0;11183.0;11408.0;6191.79985751
2020-09-03;11400.841462;11460.98620262;9990.9;10170.0;15884.01270037
2020-09-04;10166.13513;10644.0;9965.7;10484.74763252;13589.50529482
2020-09-05;10484.07051575;10593.0;9925.5;10196.86489828;8507.11405664
2020-09-06;10197.0;10365.07422046;10031.0;10276.0;2755.66300115
2020-09-07;10275.9676;10430.0;9913.8;10397.0;6301.95149206
2020-09-08;10400.0;10464.0;9882.4;10148.0;6761.1383562
2020-09-09;10150.0;10359.0;10010.0;10240.0;2406.14739791
2020-09-10;10241.0;10516.0;10233.0879672;10355.0;3553.97517835
2020-09-11;10354.0;10438.0;10197.0;10405.0;2468.47916195
2020-09-12;10404.94752176;10492.0;10287.0;10458.0;1434.15294838
2020-09-13;10459.0;10623.0;10231.0;10331.0;4044.98562654
2020-09-14;10331.0;10773.0;10259.0;10690.0;3687.51051542
2020-09-15;10689.93207785;10944.0;10645.0;10797.0;4990.20947654
2020-09-16;10797.99361605;11104.97665904;10682.0;10971.25116264;4798.73427717
2020-09-17;10971.45422468;11069.17646505;10765.936272;10959.0;2515.82301027
2020-09-18;10959.0;11064.0;10825.0;10957.17348137;2255.78236859
2020-09-19;10957.05507792;11185.0;10920.0;11098.0;2467.83027967
2020-09-20;11098.0;11098.0;10779.0;10934.54183144;1818.9312364
2020-09-21;10935.0;11000.0;10321.0;10435.0;6012.77245251
2020-09-22;10435.0;10597.0;10377.0;10549.0;2412.76234461
2020-09-23;10549.621726;10555.0;10152.0;10263.0;3093.16299583
2020-09-24;10266.0;10842.0;10222.0;10754.0;3195.72207711
2020-09-25;10752.0;10774.0;10580.0;10708.0;2351.64280732
2020-09-26;10708.0;10841.0;10675.0;10750.0;940.11544811
2020-09-27;10750.90937072;10824.0;10594.0;10803.0;1754.82101234
2020-09-28;10804.0;10986.0;10656.20638633;10714.0;3793.66453162
2020-09-29;10713.0;10889.0;10654.0;10856.0;1793.01665211
2020-09-30;10857.0;10866.00570211;10684.0;10795.0;1504.4129717600001
2020-10-01;10797.0;10975.126364;10460.0;10634.0;5682.15324545
2020-10-02;10633.0;10686.0;10391.0;10586.0;3737.41568792
2020-10-03;10586.0;10616.0;10513.0;10558.58697865;833.97060122
2020-10-04;10558.00112605;10713.0;10541.0;10687.0;1628.85480833
2020-10-05;10687.0;10816.0;10637.0;10807.0;1783.47952643
2020-10-06;10807.0;10819.959108;10548.0;10613.705256;3219.16847587
2020-10-07;10613.0;10691.0;10563.0;10687.0;1669.91903423
2020-10-08;10687.32291769;10971.0;10541.0;10943.0;3641.24246027
2020-10-09;10942.901982;11133.99746703;10853.1165156;11071.0;2570.0680234
2020-10-10;11071.0;11505.0;11071.0;11308.0;4168.69088477
2020-10-11;11308.0;11451.0;11279.45650736;11385.0;1478.2348888
2020-10-12;11384.0;11739.97398;11111.0;11560.0;6368.14562071
2020-10-13;11560.0;11574.90850243;11333.0;11442.0;3905.22148627
2020-10-14;11442.72553612;11564.0;11309.0;11440.0;2693.05607564
2020-10-15;11440.0;11632.0;11277.0;11509.0;4263.98661429
2020-10-16;11511.9497064;11547.0;11212.0;11325.0;3461.9219345
2020-10-17;11324.8837331;11418.0;11275.0;11375.0;1037.69350326
2020-10-18;11376.0;11520.0;11364.93369218;11518.0;1321.88045131
2020-10-19;11517.0;11828.0;11417.0;11757.0;3767.98031874
2020-10-20;11757.0;12044.0;11696.0;11925.0;5422.99322297
2020-10-21;11924.12565284;13220.0;11910.0;12810.0;15400.96625616
2020-10-22;12811.0;13188.0;12710.0;12988.0;6090.19951202
2020-10-23;12982.0;13032.0;12738.0;12935.0;2904.13203062
2020-10-24;12930.56664423;13178.0;12882.0;13127.03663502;1971.8904909
2020-10-25;13127.0;13358.0;12850.0;13037.0;3631.47386568
2020-10-26;13036.0;13244.0;12781.0;13059.0;3675.05916084
2020-10-27;13059.0;13769.0;13054.0;13626.0;8976.07060578
2020-10-28;13626.0;13839.0;12915.0;13267.0;7113.94802481
2020-10-29;13266.0;13629.0;12972.0;13451.0;4074.37347985
2020-10-30;13450.0;13673.0;13120.0;13568.0;4659.29588008
2020-10-31;13567.94596627;14055.0;13425.0;13788.0;8953.45758111
2020-11-01;13778.27705844;13892.0;13611.0;13756.0;3107.60188947
2020-11-02;13755.0;13836.0;13207.0;13562.0;6586.08653832
2020-11-03;13560.0;14066.0;13301.0;14029.5896356;5811.86187544
2020-11-04;14029.5896356;14245.0;13530.0;14149.0;10098.33576646
2020-11-05;14152.0;15723.55678179;14104.36241552;15568.0;15897.90693691
2020-11-06;15568.0;15888.0;15179.0;15572.88385495;12097.89054039
2020-11-07;15573.0;15740.0;14411.0;14845.0;14370.83426036
2020-11-08;14849.0;15650.0;14755.0;15500.0;6475.28259478
2020-11-09;15501.0;15844.0;14841.0;15334.52194598;8947.1113553
2020-11-10;15336.88653372;15474.0;15077.0;15311.53062117;3741.90497043
2020-11-11;15311.53062117;15981.0;15292.0;15709.3042176;6940.97705853
2020-11-12;15709.0;16325.0;15453.0;16296.18794388;12299.29569523
2020-11-13;16296.0;16481.0;15974.0;16308.5948109;7699.72967138
2020-11-14;16308.5948109;16315.0;15715.0;16057.0;5090.22982759
2020-11-15;16058.519784;16151.0;15794.0;15965.0;2564.5596865
2020-11-16;15965.0;16872.0;15874.0;16719.0;6522.24231834
2020-11-17;16719.0;17815.0;16535.0;17674.87558;12211.61192244
2020-11-18;17674.53552004;18450.0;17119.0;17774.0;17517.60930774
2020-11-19;17774.0;18166.0;17344.0;17818.0;5575.43345482
2020-11-20;17813.0;18810.0;17753.0;18660.0;7974.20959348
2020-11-21;18659.98826325;18945.0;18323.0;18659.98826325;6619.77912017
2020-11-22;18659.98826325;18732.0;17645.0;18392.0;9098.86083786
2020-11-23;18390.0;18724.0;18003.0;18372.0;8765.27184524
2020-11-24;18364.0;19400.0;18130.0;19131.0;14937.35456899
2020-11-25;19133.654712;19497.0;18500.0;18727.0;13477.60483221
2020-11-26;18726.475677;18908.0;16317.0;17211.69580098;34343.56146402
2020-11-27;17213.0;17531.0;16501.0;17171.0;11217.91209845
2020-11-28;17171.0;17910.0;16925.0;17746.0;5750.22634211
2020-11-29;17746.0;18344.0;17556.0;18195.987488;3986.26608474
2020-11-30;18196.0;19844.0;18196.0;19696.272384;14947.01505414
2020-12-01;19697.0;19956.0;18279.0;18814.0;21947.30653528
2020-12-02;18818.027865;19344.0;18361.0;19241.0;7634.3491635
2020-12-03;19229.12373562;19628.0;18900.0;19449.0;5251.01732623
2020-12-04;19449.0;19550.0;18600.0;18652.0;8654.05198704
2020-12-05;18652.0;19182.0;18498.0;19159.0;3664.40593767
2020-12-06;19159.0;19463.0;18905.0;19410.0;4333.67926426
2020-12-07;19410.03147;19460.0;18925.0;19196.06786536;2285.63253019
2020-12-08;19196.0;19322.0;18271.0;18329.0;9623.14888923
2020-12-09;18329.0;18630.0;17742.0;18558.0;9767.76617124
2020-12-10;18558.0;18568.0;17935.0;18260.0;3655.53727913
2020-12-11;18263.0;18299.0;17629.0;18049.91181686;6573.35890074
2020-12-12;18050.0;18944.0;18049.91181686;18818.0;3683.18295895
2020-12-13;18818.0;19416.0;18720.6972317;19180.0;4831.24752681
2020-12-14;19180.0;19350.0;19008.31354812;19282.0;2534.66419808
2020-12-15;19282.0;19607.0;19070.0;19459.0;6927.28565056
2020-12-16;19459.0;21444.0;19317.800536;21318.0;21075.87728373
2020-12-17;21318.0;23630.0;21197.0;22786.0;22872.76691971
2020-12-18;22791.0;23287.0;22362.0;23124.0;7283.12188767
2020-12-19;23124.0;24123.0;22768.0;23808.0;9672.76187725
2020-12-20;23801.0;24244.0;23101.0;23427.0;9599.06945336
2020-12-21;23427.0;24077.0;21884.0;22712.281776;14183.57832359
2020-12-22;22712.281776;23812.0;22348.0;23805.89700325;7416.0651705
2020-12-23;23804.0;24144.0;22655.0;23208.0;12077.5823542
2020-12-24;23207.87492762;23790.0;22701.0;23743.467132;4754.89447434
2020-12-25;23743.467132;24802.0;22855.0;24720.0882;13780.78834019
2020-12-26;24720.0882;26723.0;24489.0;26413.0;13149.6035219
2020-12-27;26423.0;28244.0;25813.0;26241.0;17956.95047706
2020-12-28;26242.0;27442.0;26068.0657198;27053.0;7601.6736102
2020-12-29;27044.0;27329.0;25859.0;27316.0;8915.79570495
2020-12-30;27312.0;28977.0;27312.0;28880.0;10509.15264706
2020-12-31;28886.8252941;29286.0;27557.0;28938.521869;12225.25361439
2021-01-01;28939.0;29620.0;28716.0;29349.0;8332.17329653
2021-01-02;29349.83250154;33292.0;29000.0;32183.0;22012.92431526
2021-01-03;32185.0;34873.0;31975.0;32968.0;18908.90248876
2021-01-04;32990.0;33593.61627648;28540.0;31990.0;24687.17352109
2021-01-05;31991.0;34493.0;29861.0;33985.0;14483.02450249
2021-01-06;33978.0;36932.0;33335.0;36760.0;18619.39156055
2021-01-07;36791.0;40383.3509214;36123.590728;39401.0;22112.80551057
2021-01-08;39387.0;41969.0;36555.0;40509.0;21785.71626803
2021-01-09;40500.0;41399.0;38700.0;40168.0;8173.60836859
2021-01-10;40170.0;41399.0;35260.0;38200.0;19011.73685638
2021-01-11;38200.0;38277.0;30635.0;35408.0;48042.44420537
2021-01-12;35410.0;36656.0;32427.0;34123.0;22176.95211648
2021-01-13;34104.0;37776.0;32436.0;37358.07975004;14887.62558258
2021-01-14;37368.0;40001.0;36666.0;39136.0;12967.86884021
2021-01-15;39147.32923992;39701.0;34500.0;36741.0;15551.34410823
2021-01-16;36741.0;37997.0;35418.0;36041.0;10842.65506249
2021-01-17;36037.0;36928.0;33868.0;35900.0;9847.25162068
2021-01-18;35901.0;37555.0;34842.0;36699.0;8414.95402598
2021-01-19;36685.0;37936.5743351;35863.0;35890.0;9648.58184083
2021-01-20;35888.0;36422.0;33303.0;35516.0;14141.72101255
2021-01-21;35510.0;35616.0;30196.0;30872.0;22357.47974563
2021-01-22;30890.60960271;33850.0;28989.0;33058.0;15720.12650751
2021-01-23;33027.0;33554.0;31439.4275088;32099.0;7065.12704773
2021-01-24;32099.0;33174.0;31011.0;32320.0;5887.71106024
2021-01-25;32327.0;34918.0;31966.0;32285.0;9230.4487765
2021-01-26;32252.0;32971.0;30867.0338669;32519.0;8540.41106666
2021-01-27;32518.32570147;32596.0;29283.0;30421.23654981;14786.66598682
2021-01-28;30421.23654981;33800.0;29918.0;33373.0;9170.13127825
2021-01-29;33374.0;38710.69632264;31987.0;34253.0;28642.05232388
2021-01-30;34284.0;34929.0;32827.0;34341.0;7290.52856597
2021-01-31;34333.0;34407.005674;32228.0;33138.0;5823.93157617
2021-02-01;33117.79931925;34707.0;32333.0;33566.0;5300.53662691
2021-02-02;33569.0;36053.96796779;33500.0;35577.0;7006.15684092
2021-02-03;35576.0;37677.35566244;35471.0;37667.0;8806.86324689
2021-02-04;37667.0;38750.0;36222.0;36951.548313;6419.65493792
2021-02-05;36945.0;38366.0;36571.55235544;38260.0;4479.82317969
2021-02-06;38260.8799317;40985.0;38205.0;39234.0;10181.01728877
2021-02-07;39237.0;39725.7155421;37350.0;38837.0;7627.57627436
2021-02-08;38841.0;46666.0;37947.0;46444.0;24788.66402363
2021-02-09;46444.0;48277.0;45060.0;46488.0;15903.02396636
2021-02-10;46485.10574522;47383.0;43777.0;44841.0;10019.14961979
2021-02-11;44840.0;48598.0;43917.41935602;48008.0;10300.37521835
2021-02-12;48001.0;48945.0;45851.95356552;47397.0;10789.29878402
2021-02-13;47365.0;48209.0;46255.0;47177.0;5225.25062786
2021-02-14;47177.86105756;49659.0;47030.0;48584.0;7337.59067269
2021-02-15;48597.0;48959.0;45730.50181348;47906.0;9883.3531079
2021-02-16;47934.0;50490.0;47046.0;49203.0;13040.83159243
2021-02-17;49182.0;52577.0;49000.0;52116.0;9211.03215371
2021-02-18;52110.0;52539.0;50863.0;51566.0;5869.73416942
2021-02-19;51566.0;56342.0;50755.0;55866.0;11805.88360583
2021-02-20;55866.0;57485.0;54000.0;55777.0;11637.99217592
2021-02-21;55787.0;58321.24403166;55386.0;57376.0;6687.40294944
2021-02-22;57374.0;57449.0;48255.0;54075.0;27309.72539386
2021-02-23;54070.36217422;54138.0;45000.0;48874.0;32599.17021217
2021-02-24;48882.0;51354.46137096;46902.0;49716.0;12002.72597091
2021-02-25;49715.0;52189.0;46750.0;47162.0;9556.04333353
2021-02-26;47155.0;48441.0;44027.0;46318.0;22325.37321813
2021-02-27;46270.0;48407.0;45100.0;46238.0;7603.9662875
2021-02-28;46199.0;46703.0;43171.0;45300.0;13547.51881422
2021-03-01;45284.744486;49743.0;45100.0;49580.0;9420.85602057
2021-03-02;49580.0;50148.0;47158.0;48536.0;8374.91331046
2021-03-03;48511.0;52567.0;48183.35073552;50408.0;8603.3335126
2021-03-04;50409.0;51777.0;47603.0;48388.0;9558.92312432
2021-03-05;48389.0;49489.0;46417.0;48830.0;9417.0854656
2021-03-06;48826.0;49238.0;47159.0;48860.0;4206.13760617
2021-03-07;48895.0;51442.0;48895.0;51000.0;5376.35975911
2021-03-08;51011.0;52444.0;49369.0;52399.0;6154.5042241
2021-03-09;52399.0;54955.30786704;51993.0;54955.30786704;8210.93786056
2021-03-10;54955.30786704;57444.0;53155.0;55985.0;10678.77471493
2021-03-11;55954.0;58266.0;54401.0;57877.0;8659.751263
2021-03-12;57876.0;58159.0;55183.0;57297.0;9562.35931509
2021-03-13;57293.0;61693.0;56130.0;61202.887014;13700.24118389
2021-03-14;61203.0;61699.0;59000.0;59000.0;6681.68651262
2021-03-15;59001.0;60575.0;54566.0;55688.0;14784.6861763
2021-03-16;55675.0;56925.0;53346.0;56924.0;10496.58810374
2021-03-17;56923.0;59128.0;54001.0;58849.0;11269.30169215
2021-03-18;58867.0;60190.0;57005.0;57640.0;7238.68855771
2021-03-19;57642.0;59480.0;56277.0;58049.62797928;6485.05192059
2021-03-20;58049.0;60000.0;57800.0;58079.0;6775.70608413
2021-03-21;58064.0;58584.0;55357.0;57366.0;8292.32536363
2021-03-22;57341.0;58525.0;53700.0;54070.0;8727.81396301
2021-03-23;54070.0;55822.3340788;52812.0;54336.79982848;6569.9505292
2021-03-24;54347.0;57212.0;51522.0;52328.0;14085.86185319
2021-03-25;52329.0;53116.0;50350.0;51358.0;11590.186720400001
2021-03-26;51357.31075738;55000.0;51300.0;54993.0;7713.45878203
2021-03-27;54982.0;56655.0;54010.0;55886.0;5176.81537774
2021-03-28;55881.0;56609.0;54800.0;55780.0;4212.6325115
2021-03-29;55783.0;58492.0;54831.0;57675.0;10118.10970035
2021-03-30;57675.0;59523.0;57135.0;58840.0;7874.44357216
2021-03-31;58837.0;59899.0;56826.0;58796.0;8119.05244424
2021-04-01;58792.502598;59483.0;57955.0;58724.0;4349.96920683
2021-04-02;58731.0;60190.0;58327.9868938;58959.0;6153.04780245
2021-04-03;58958.19519;59841.0;56872.0;57020.0;6634.13697965
2021-04-04;57029.0;58480.0;56500.0;58240.23918672;4971.95900593
2021-04-05;58241.0;59250.0;56850.0;59145.0;5595.23998949
2021-04-06;59145.0;59499.0;57401.0;57991.0;5616.70975216
2021-04-07;57994.0;58639.0;55555.0;55962.0;8848.715118
2021-04-08;55962.0;58155.0;55714.0;58110.0;4482.28759615
2021-04-09;58110.0;58880.0;57713.0;58134.0;3749.49369667
2021-04-10;58134.090643;61243.0;57900.0;59812.0;9794.54247946
2021-04-11;59817.0737853;60722.0;59308.0;60032.0;4646.58199812
2021-04-12;60033.0;61338.0;59492.0;59874.0;5497.92519522
2021-04-13;59887.0;63555.0;59859.0;63537.0;11265.90321334
2021-04-14;63519.0;64829.0;61306.0;62914.0;10927.53219657
2021-04-15;62909.0;63845.0;62000.0;63196.0;6613.84876353
2021-04-16;63208.0;63520.0;60005.0;61322.0;11538.75958436
2021-04-17;61321.0;62450.0;59662.0;59927.0;7020.45014113
2021-04-18;59945.0;60279.0;50500.0;56172.0;26325.19151257
2021-04-19;56171.0;57500.0;54256.0;55630.0;8568.76027831
2021-04-20;55619.0;57099.0;53337.0;56471.151714;8392.19394508
2021-04-21;56471.151714;56790.0;53609.0;53780.0;7107.56739743
2021-04-22;53779.81497994;55500.0;50575.0;51735.13722852;12687.09297783
2021-04-23;51741.0;52131.0;47560.0;51138.0;17250.31177119
2021-04-24;51138.0;51201.0;48852.0;50161.0;5980.24339471
2021-04-25;50149.0;50671.0;47112.0;49129.0;9599.12423279
2021-04-26;49129.093002;54387.0;48831.0;54102.0;11010.92227211
2021-04-27;54094.0;55437.0;53304.0;55044.0;7236.73001805
2021-04-28;55039.0;56432.0;53917.0;54859.0;5763.23982056
2021-04-29;54860.0;55222.0;52377.0;53566.0;7078.15938021
2021-04-30;53566.0;57794.0;53068.0;57630.0;7862.93930966
2021-05-01;57632.0;58326.0;57000.0;57774.0;4317.40333897
2021-05-02;57774.0;57900.0;56050.0;56605.0;4196.61876168
2021-05-03;56601.0;58945.0;56511.0;57147.0;7626.53143101
2021-05-04;57141.0;57166.0;53067.0;53251.0;10064.7382204
2021-05-05;53251.0;57898.0;52960.0;57487.0;7664.90204204
2021-05-06;57486.600444;58343.0;55282.0;56450.0;10438.6808718
2021-05-07;56451.0;58635.0;55300.0;57349.0;6934.44521985
2021-05-08;57342.0;59450.0;56939.0;58897.0;7608.94107951
2021-05-09;58892.0;59236.51695169;56255.0;58276.0;8479.62978766
2021-05-10;58286.86932662;59589.77113765;53844.0;55829.62510011;13489.55204328
2021-05-11;55831.0;56870.0;54138.73738416;56721.504604;7688.85967329
2021-05-12;56717.0;58000.0;48611.0;49614.0;14974.04325046
2021-05-13;49580.54694147;51333.0;46601.04807999;49750.64971553;21164.53785615
2021-05-14;49749.0;51512.0;48877.0;49924.0;6047.86562313
2021-05-15;49923.30794743;50737.0;46644.0;46844.0;9488.63031256
2021-05-16;46844.0;49870.0;44021.0;46597.0;19068.73307652
2021-05-17;46587.61320955;46796.0;42128.0;43534.0;37724.17277308
2021-05-18;43540.0;45800.0;42316.0;42900.0;10722.25475753
2021-05-19;42898.48904022;43600.0;29563.0;36733.0;67822.90369973
2021-05-20;36733.7221572;42300.0;34985.0;40561.45427722;25609.77075366
2021-05-21;40590.0;42298.12038263;33552.0;37391.38484175;23314.10677312
2021-05-22;37382.8588411;38956.0;35372.0;37557.0;13560.86390045
2021-05-23;37575.0;38384.0;31230.0;34747.0;25993.68281756
2021-05-24;34747.0;39966.0;34500.0;38845.0;15130.10979968
2021-05-25;38851.0;39829.42639126;36455.0;38396.84796617;7767.09873381
2021-05-26;38374.0;40884.0;37851.57741397;39301.0;8610.0489885
2021-05-27;39303.0;40500.0;37221.0;38537.0;5553.45223538
2021-05-28;38537.03617907;38889.0;34721.0;35661.0;10219.44336646
2021-05-29;35660.87052767;37381.0;33617.0;34574.0;7764.29614375
2021-05-30;34587.39808387;36419.0;33367.0;35614.0;6023.23138825
2021-05-31;35609.0;37533.0;34160.0;37280.0;5975.66399021
2021-06-01;37279.80893714;37888.0;35659.0;36673.0;5285.24979943
2021-06-02;36673.0;38222.0;35933.0;37577.0;3971.3631918
2021-06-03;37582.37086374;39482.0;37179.0;39226.0;5754.82660087
2021-06-04;39225.5146501;39275.0;35586.0;36844.0;5930.6043095
2021-06-05;36844.0;37924.0;34822.56648447;35535.0;6587.55671725
2021-06-06;35542.0;36475.0;35218.0;35780.0;6511.51024696
2021-06-07;35781.0;36784.0;33338.0;33572.0;9968.48725917
2021-06-08;33572.0;34052.0;31075.0;33402.0;12924.76236892
2021-06-09;33416.0;37499.0;32469.0;37368.0;26973.62262831
2021-06-10;37369.0;38337.0;35816.0;36663.0;9567.09934063
2021-06-11;36680.0;37650.0;35929.0;37338.0;6418.07433814
2021-06-12;37338.0;37461.34593121;34630.0;35564.0;7376.45612843
2021-06-13;35563.58742345;39374.0;34800.0;38998.89297611;8988.67868533
2021-06-14;38998.89297611;40980.0;38732.0;40509.0;9731.06977982
2021-06-15;40509.0;41273.0;39445.88757188;40137.0;7778.80135235
2021-06-16;40143.0;40460.0;38121.0;38346.0;6793.28237412
2021-06-17;38345.0;39519.0;37387.0;38073.0;3538.41950541
2021-06-18;38074.0;38184.09866908;35137.0;35845.0;11421.09881367
2021-06-19;35846.0;36447.0;34819.0;35570.0;11566.12771476
2021-06-20;35569.32875053;36226.37661535;33411.0;35631.0;16930.79811428
2021-06-21;35653.0;35832.0;31368.0;31726.38731597;23452.31240008
2021-06-22;31723.19669106;33368.0;29247.0;32572.0;26870.65821748
2021-06-23;32572.01808243;34778.0;31790.0;33691.0;9140.06884437
2021-06-24;33697.29590169;35290.0;32343.0;34665.0;4855.77342689
2021-06-25;34657.0;35495.0;31264.0;31584.73244514;37671.79179745
2021-06-26;31584.0;32661.0;30206.0;32355.66423628;20535.69988072
2021-06-27;32348.0;34794.0;32066.0;34744.0;28712.64630214
2021-06-28;34743.0;35319.0;33897.0;34494.48338075;6177.1561275
2021-06-29;34494.8423285;36600.0;34226.75253341;35922.41743186;5513.63982321
2021-06-30;35918.54133667;36099.0;34428.0;35063.0;3427.10290339
2021-07-01;35062.0;35069.0;32720.0;33554.42277399;5722.89579504
2021-07-02;33519.46744936;33983.0;32700.0;33816.0;5145.43992128
2021-07-03;33818.0;34948.0;33350.0;34682.0;2966.6296858700002
2021-07-04;34689.0;35950.0;34376.0;35276.0;2929.58930746
2021-07-05;35278.0;35280.0;33126.0;33672.36648837;7716.38162798
2021-07-06;33670.52239391;35196.0;33555.0;34255.0;8884.85239912
2021-07-07;34255.06205944;35091.0;33810.0;33889.0;3505.92095505
2021-07-08;33886.0;33939.0;32063.0;32857.0;14292.40321891
2021-07-09;32846.0;34059.0;32237.0;33769.0;6664.27000282
2021-07-10;33768.0;34242.0;33011.0;33505.02923001;6458.84199398
2021-07-11;33503.0;34590.0;33316.0;34244.0;2151.71226321
2021-07-12;34249.0;34655.0;32600.0;33078.0;8408.60405576
2021-07-13;33077.77262412;33337.0;32190.0;32730.0;4024.86829598
2021-07-14;32729.0;33128.0;31588.0;32822.6431619;5192.51154704
2021-07-15;32821.0;33200.0;31150.0;31890.0;6956.82713686
2021-07-16;31893.73824538;32271.0;31044.0;31428.0;5381.86055053
2021-07-17;31427.0;32000.0;31210.0;31560.0;13707.6449802
2021-07-18;31559.0;32453.0;31111.0;31820.0;12411.32229435
2021-07-19;31820.47850988;31928.0;30500.0;30865.0;12799.72672555
2021-07-20;30866.0;31079.0;29313.0;29809.0;8878.01430299
2021-07-21;29814.0;32850.0;29523.0;32154.0;8258.16378035
2021-07-22;32154.0;32610.0;31735.0;32320.0;5232.65508671
2021-07-23;32320.26010235;33650.0;32020.0;33650.0;3969.34091098
2021-07-24;33650.0;34527.0;33422.0;34279.0;2363.25627786
2021-07-25;34288.0;35444.0;33886.0;35415.0;2780.99539445
2021-07-26;35413.0;40595.0;35233.0;37270.0;16314.03215706
2021-07-27;37265.93349564;39589.0;36418.0;39500.0;6065.62663319
2021-07-28;39490.0;40900.0;38803.0;40017.0;7979.49858787
2021-07-29;40017.0;40623.0;39272.0;40036.0612375;4069.31891192
2021-07-30;40040.0;42299.15230804;38343.0;42214.50801313;7767.16038596
2021-07-31;42196.27398595;42398.0;41051.0;41439.0;5088.76468188
2021-08-01;41440.0;42532.0;39493.0;39867.0;9115.11351414
2021-08-02;39873.0;40449.0;38716.0;39149.45625755;4618.93627624
2021-08-03;39154.0;39781.0;37663.0;38217.0;5077.45312921
2021-08-04;38219.0;39965.0;37519.81411605;39743.0;3672.78575181
2021-08-05;39738.0;41352.0;37318.0;40887.0;6434.95199694
2021-08-06;40890.0;43385.0;39900.0;42854.0;6460.98161832
2021-08-07;42853.0;44698.0;42380.0;44568.0;9322.06034866
2021-08-08;44569.0;45250.0;43300.0;43793.0;8165.75675033
2021-08-09;43782.46903142;46438.0;42790.0;46282.21851123;10722.72040786
2021-08-10;46280.02549592;46695.0;44635.0;45612.0;6365.38106569
2021-08-11;45611.0;46727.0;45341.0;45531.0;4328.6620148
2021-08-12;45530.0;46186.0;43786.0;44424.0;5644.83560922
2021-08-13;44413.0;47967.0;44266.0;47835.0;7388.50507048
2021-08-14;47836.0;48141.0;45935.0;47084.0;4351.87608984
2021-08-15;47084.0;47369.0;45471.0;47022.0;3831.34677895
2021-08-16;47023.0;48069.0;45689.0;45937.0;6060.28446566
2021-08-17;45932.90307576;47167.0;44441.0;44695.0;6933.22477027
2021-08-18;44692.0;46010.0;44266.0;44721.0;5817.45990543
2021-08-19;44721.0;47061.0;43992.0;46765.0;5965.52722671
2021-08-20;46766.0;49400.0;46647.0;49330.49713104;6045.10873868
2021-08-21;49333.0;49788.0;48219.0;48837.0;3921.98404792
2021-08-22;48835.0;49488.0;48075.0;49266.0;2746.27406057
2021-08-23;49267.0;50558.0;49055.0;49525.0;5421.73972415
2021-08-24;49523.0;49860.0;47555.0;47698.0;4772.55172144
2021-08-25;47696.45550645;49255.0;47142.96628448;48992.74927858;4118.89406036
2021-08-26;48992.29076835;49385.0;46310.0;46840.0;6478.84898026
2021-08-27;46836.0;49159.0;46363.0;49079.0;5795.72008606
2021-08-28;49079.0;49310.0;48385.91723403;48914.0;2300.78309259
2021-08-29;48913.9769579;49650.0;47760.0;48800.0;4045.8150993
2021-08-30;48801.0;48924.66460268;46903.0;47004.84288151;4123.2670237
2021-08-31;47003.4670629;48244.0;46725.0;47157.0;4300.99119579
2021-09-01;47142.0;49139.0;46590.0;48823.0;5707.34441335
2021-09-02;48827.0;50365.0;48631.0;49274.0;4952.12875523
2021-09-03;49273.73784718;51142.0;48332.0;50001.0;7334.17244249
2021-09-04;50001.0;50544.0;49401.0;49899.0;2368.7455857
2021-09-05;49899.0;51900.0;49470.0;51780.0;5539.11374091
2021-09-06;51779.0;52742.0;51050.0;52676.0;4843.13784214
2021-09-07;52672.0;52888.0;43220.0;46849.0;16686.2408595
2021-09-08;46854.0;47351.0;44472.0;46070.61738592;7553.00377353
2021-09-09;46054.0;47398.57959466;45546.0;46389.0;3853.4527536
2021-09-10;46396.0;47044.0;44155.0;44852.0;5180.77018217
2021-09-11;44851.0;45990.0;44750.0;45169.0;2544.93285703
2021-09-12;45169.7693418;46466.0;44774.17967564;46038.87431928;3388.02546936
2021-09-13;46039.0;46874.0;43444.0;44960.0;8766.1782205
2021-09-14;44958.0;47238.51708787;44699.0;47152.0;3522.32023416
2021-09-15;47134.0;48444.0;46724.0;48137.0;3984.89678517
2021-09-16;48137.76809977;48530.0;47061.0;47782.0;3606.93216916
2021-09-17;47782.0;48183.0;46771.0;47296.0;2492.14909016
2021-09-18;47296.15646179;48819.0;47066.0;48308.0;2046.86048391
2021-09-19;48319.0;48370.29414611;46837.0;47239.0;2277.38102398
2021-09-20;47244.0;47327.0;42567.0;43025.0;12626.55362415
2021-09-21;43025.0;43625.0;39678.0;40747.95941373;14959.93126697
2021-09-22;40748.0;44000.0;40601.0;43574.0;8433.81929627
2021-09-23;43575.0;45000.0;43102.0;44884.68321336;5286.6158969
2021-09-24;44893.0;45164.4867643;40755.0;42856.0;11762.58256356
2021-09-25;42861.0;42986.84667145;41728.0;42714.0;2960.4559682
2021-09-26;42714.0;43963.0;40800.0;43190.0;5525.4223253
2021-09-27;43188.0;44355.99143738;42135.0;42181.0;4264.38573918
2021-09-28;42181.0;42777.0;40928.0;41064.0;6163.37815862
2021-09-29;41046.0;42606.0;40804.0;41530.0;4388.87768673
2021-09-30;41539.0;44122.0;41432.0;43830.0;5077.91198722
2021-10-01;43829.0;48464.0;43311.0;48151.0;8320.76008296
2021-10-02;48157.0;48350.0;47438.0;47649.0;2064.34521643
2021-10-03;47649.0;49196.0;47120.0;48242.0;3603.97473091
2021-10-04;48241.0;49503.0;46897.0;49252.0;6189.79094668
2021-10-05;49252.0;51922.0;49065.0;51508.0;6681.6935262
2021-10-06;51497.0;55743.0;50438.0;55335.0;10522.17131951
2021-10-07;55335.0;55349.0;53429.0;53797.03310738;4945.31158983
2021-10-08;53797.0;56000.0;53628.0;53947.0;5483.09027085
2021-10-09;53947.0;55475.0;53678.0;54968.0;2441.95849435
2021-10-10;54978.0;56450.0;54114.0;54691.0;5837.55025615
2021-10-11;54679.0;57821.0;54430.0;57489.0;7518.79528462
2021-10-12;57470.0;57661.0;53837.51997218;56009.0;5939.04864337
2021-10-13;56000.0;57775.0;54300.0;57368.0;3057.71602998
2021-10-14;57369.0;58488.0;56855.0;57354.0;4594.56989374
2021-10-15;57352.0;62900.0;56881.0;61680.0;11884.27980029
2021-10-16;61686.0;62333.0;60171.0;60868.0;4282.8578784
2021-10-17;60867.0;61698.0;59019.0;61504.0;5143.44382702
2021-10-18;61508.0;62682.0;59883.0;61994.0;8560.33312672
2021-10-19;62007.0;64421.0;61368.0;64263.0;9147.46761696
2021-10-20;64263.93176072;66958.0;63535.0;66021.0;9261.63700057
2021-10-21;66021.0;66643.0;61855.0;62219.4946565;13374.75380747
2021-10-22;62199.0;63729.0;60013.0;60706.0;6352.88637065
2021-10-23;60706.0;61764.0;59755.0;61302.0;2711.22312765
2021-10-24;61296.0;61476.0;59533.0;60847.0;2877.08655404
2021-10-25;60832.0;63666.0;60632.0;63100.0;3714.45563581
2021-10-26;63100.0;63332.60744575;59766.0;60288.0;4749.18632628
2021-10-27;60285.0;61450.0;57950.0;58449.27880851;7135.86458074
2021-10-28;58438.0;62444.0;57606.0;60598.0;8065.72580092
2021-10-29;60579.0;62980.0;60188.0;62257.71552291;3924.07659438
2021-10-30;62264.0;62353.0;60755.0;61880.0;2240.72931998
2021-10-31;61879.0;62415.0;60005.0;61330.0;2418.9760185
2021-11-01;61326.0;62491.21298363;59522.0;60949.0;4812.56996488
2021-11-02;60923.30466641;64313.0;60661.0;63249.0;5201.60498227
2021-11-03;63249.0;63565.0;60175.0;62900.0;4764.51414191
2021-11-04;62893.0;63067.0;60700.0;61414.88951003;2931.27739182
2021-11-05;61410.0;62600.0;60735.0;61005.0;2256.00855877
2021-11-06;60995.0;61583.0;60100.0;61495.04388678;2931.84591647
2021-11-07;61495.04388678;63279.0;61400.0;63263.0;3234.57819117
2021-11-08;63277.0;67665.0;63277.0;67526.0;8981.51771213
2021-11-09;67526.0;68444.0;66326.0;66938.0;6464.53059208
2021-11-10;66937.19022637;68958.0;62866.0;64871.0;12234.95221447
2021-11-11;64871.0;65541.0;64079.0;64791.0;2865.01975118
2021-11-12;64785.0;65421.0;62255.0;64134.0;5119.19138358
2021-11-13;64134.0;64988.98628182;63405.0;64398.0;1868.21201331
2021-11-14;64395.0;65474.0;63564.0;65474.0;2194.6054665
2021-11-15;65474.0;66343.87555372;63351.0;63561.0;5271.37786582
2021-11-16;63560.0;63561.99202931;58625.68734157;60068.0;13067.39720688
2021-11-17;60069.0;60851.0;58368.0;60352.81595949;6722.38920098
2021-11-18;60354.56777918;60945.0;56555.0;56963.0;11543.65636632
2021-11-19;56929.0;58379.0;55653.0;58130.0;5178.95408091
2021-11-20;58122.0;59886.0;57450.0;59766.0;3132.49161106
2021-11-21;59774.0;60050.0;58603.0;58691.0;2441.52005007
2021-11-22;58702.0;59456.0;55714.0;56281.06370152;8831.25850551
2021-11-23;56282.0;57869.0;55453.0;57577.0;8556.50226137
2021-11-24;57579.62257756;57762.0;55894.51623388;57166.0;4894.70410745
2021-11-25;57159.0;59423.42625193;57067.0;59015.78236183;3980.98031747
2021-11-26;59017.11364499;59238.0;53555.0;53839.0;12192.51926073
2021-11-27;53825.0;55329.0;53711.0;54791.0;3095.45453053
2021-11-28;54781.0;57469.0;53458.0;57356.0;4935.65826761
2021-11-29;57329.0;58888.0;56764.0;57840.0;5067.13310919
2021-11-30;57841.0;59174.0;55899.0;56966.0;6475.05464079
2021-12-01;56988.82934176;59055.0;56505.0;57240.0;5181.22611006
2021-12-02;57239.0;57390.0;55842.0;56517.0;4407.15776478
2021-12-03;56520.0;57599.0;51333.0;53687.0;10731.38443334
2021-12-04;53667.0;53879.0;41634.0;49249.0;22576.79156425
2021-12-05;49243.0;49769.0;47860.0;49474.0;4781.51606539
2021-12-06;49475.49285585;50988.0;47167.0;50513.0;8047.10688222
2021-12-07;50504.57178257;51970.0;50095.0;50634.0;3906.1237763
2021-12-08;50641.0;51275.0;48726.0;50503.43470097;4034.70087438
2021-12-09;50506.0;50844.0;47408.0;47610.10671846;5304.34266863
2021-12-10;47598.0;50212.0;47051.0;47208.0;8170.3034946
2021-12-11;47195.0;49522.0;46872.0;49426.0;5290.0407734
2021-12-12;49427.0;50800.0;48690.0;50123.0;3871.0577521
2021-12-13;50116.77552521;50234.0;45788.0;46748.99252241;8718.4189488
2021-12-14;46757.79747071;48684.0;46356.20997454;48399.0;5475.92024506
2021-12-15;48392.0;49520.0;46600.0;48901.0;7035.28955085
2021-12-16;48901.82763469;49480.0;47543.0;47665.0;3526.19793655
2021-12-17;47659.0;48038.0;45539.0;46180.73115089;5855.16579462
2021-12-18;46163.0;47483.0;45523.0;46873.0;3741.01105399
2021-12-19;46869.78960743;48364.0;46458.0;46704.0;5236.09538883
2021-12-20;46698.0;47541.0;45600.0;46901.0;5653.48095332
2021-12-21;46915.0;49369.0;46683.0;48923.0;4713.12576057
2021-12-22;48926.48057156;49588.0;48459.75038112;48626.0;3142.6985699800002
2021-12-23;48625.0;51413.12295813;48078.0;50833.0;4431.55470384
2021-12-24;50834.0;51842.0;50405.0;50830.0;2595.28644981
2021-12-25;50830.0;51171.0;50182.0;50435.2441132;1990.162225
2021-12-26;50435.06967051;51300.0;49433.0;50797.0;2904.0758091
2021-12-27;50805.0;52085.0;50482.47485727;50690.0;3518.75704529
2021-12-28;50713.70862195;50714.0;47321.0;47556.0;5431.3073367
2021-12-29;47556.0;48166.0;46079.0;46465.0;4123.9746685
2021-12-30;46464.0;47911.0;45947.0;47156.0;3197.81510477
2021-12-31;47148.0;48650.0;45664.14362225;46218.0;4252.41420185
2022-01-01;46209.0;47957.0;46203.0;47747.0;2177.33746989
2022-01-02;47746.0;48012.0;46648.0;47302.0;1844.74155076
2022-01-03;47304.23510549;47578.0;45689.0;46448.0;2577.95009141
2022-01-04;46449.61555627;47671.86280513;45568.0;45834.0;3788.45234953
2022-01-05;45830.0;47058.0;42505.0;43455.0;6932.12953215
2022-01-06;43457.0;43781.0;42412.0;43103.47161129;3405.10198498
2022-01-07;43101.35518617;43135.77081015;40586.0;41548.0;7404.19472116
2022-01-08;41555.41669034;42319.82508013;40556.0;41682.0;4146.03595786
2022-01-09;41687.21240698;42801.0;41240.0;41856.0;3717.48103557
2022-01-10;41861.0;42270.0;39672.88479242;41847.0;9553.3633487
2022-01-11;41839.0;43119.19618143;41265.0;42741.74663693;4787.22368719
2022-01-12;42744.0;44315.0;42468.0;43909.0;3769.73417066
2022-01-13;43909.0;44445.0;42334.0;42583.0;3741.3384295
2022-01-14;42585.0;43468.0;41736.0;43091.0;4314.92400221
2022-01-15;43090.0;43816.0;42575.0;43069.0;3195.50727251
2022-01-16;43074.0;43487.39375881;42603.0;43084.0;1582.11266614
2022-01-17;43084.0;43194.0;41465.0;42223.0;2920.84789112
2022-01-18;42221.0;42690.0;41204.0;42376.97315245;4340.51221728
2022-01-19;42373.0;42596.0;41158.0;41676.0;6452.4748449
2022-01-20;41677.0;43591.0;40568.39019693;40692.20981196;5112.3607091
2022-01-21;40690.34893641;41132.0;35471.0;36467.0;16224.36723416
2022-01-22;36463.16076078;36861.57424928;33854.97502491;35104.74628423;17582.37493587
2022-01-23;35108.0;36556.0;34654.0;36308.0;8715.95686304
2022-01-24;36302.0;37596.0;32937.0;36702.0;23104.4206592
2022-01-25;36706.0;37584.0;35751.0;36986.0;8863.28144099
2022-01-26;36995.0;38935.0;36291.6959393;36828.54217638;10646.06275751
2022-01-27;36847.6476148;37275.0;35504.0;37194.0;6940.90051614
2022-01-28;37187.0;38055.0;36197.0;37759.82718923;4583.70459518
2022-01-29;37748.0;38898.0;37347.69182748;38179.91123381;3546.41912122
2022-01-30;38201.60978983;38403.0;37386.0;37914.38083181;2050.69322561
2022-01-31;37914.0;38785.0;36674.0;38500.0;4765.88314294
2022-02-01;38501.0;39416.42020804;38000.0;38713.0;4290.37021919
2022-02-02;38717.60475262;38879.0;36633.0;36913.0;4191.09542605
2022-02-03;36923.0;37410.0;36267.47644877;37366.0;5041.11250521
2022-02-04;37367.0;41753.0;37070.0;41588.0;8275.28034874
2022-02-05;41588.0;41956.0;40979.80786121;41438.0;2598.47145645
2022-02-06;41441.0;42739.0;41169.0;42412.0;2363.41227924
2022-02-07;42421.82387236;44540.0;41699.5447648;43865.0;5516.04729913
2022-02-08;43865.0;45400.0;42709.0;44077.0;7620.23845199
2022-02-09;44079.55202568;44865.0;43160.0;44431.0;3713.90478259
2022-02-10;44437.0;45899.0;43222.0;43545.0;7328.39995166
2022-02-11;43549.0;43965.0;42010.0;42418.0;5610.14441633
2022-02-12;42422.0;43036.0;41715.0;42244.0;2662.70311202
2022-02-13;42241.0;42789.0;41915.0;42090.0;1950.89123776
2022-02-14;42090.0;42863.0;41545.0;42554.0;4785.62674807
2022-02-15;42567.0;44762.0;42463.0;44563.0;4113.4621288
2022-02-16;44567.0;44584.0;43352.0;43909.0;3271.50987336
2022-02-17;43896.94591367;44189.0;40117.0;40555.0;6751.95368549
2022-02-18;40555.0;40984.0;39521.0;40027.47722701;4677.0785788
2022-02-19;40027.0;40482.0;39673.0;40128.0;1464.27083574
2022-02-20;40130.0;40164.0547683;38038.0;38439.0;3526.8252122
2022-02-21;38437.0;39555.0;36829.0;37060.861799;8506.7493668
2022-02-22;37078.0;38485.0;36402.0;38299.0;6204.8494294
2022-02-23;38294.0;39310.0;37117.0;37305.0;5807.62462487
2022-02-24;37305.0;39926.0;34425.0;38383.0;17875.33839978
2022-02-25;38380.0;39744.30276268;38058.0;39253.0;6430.23613585
2022-02-26;39252.0;40330.0;38633.0;39137.11917015;3589.87883323
2022-02-27;39157.95514117;39892.0;37051.0;37734.2155012;5478.01248088
2022-02-28;37739.64675691;44268.0;37496.0;43202.0;8448.91340621
2022-03-01;43208.0;44952.0;42862.0;44441.0;6344.48349803
2022-03-02;44442.0;45470.0;43378.82822903;43952.0;5572.88272194
2022-03-03;43946.0;44112.33989793;41856.0;42489.0;3887.34510984
2022-03-04;42489.0;42559.00615524;38621.0;39171.0;6380.43163957
2022-03-05;39170.82640044;39628.0;38625.0;39419.0;2188.96221492
2022-03-06;39414.0;39716.0;38120.0;38437.04838587;3368.10437645
2022-03-07;38437.04838587;39583.0;37181.75600117;38021.0;6784.67353821
2022-03-08;38018.58365775;39398.0;37888.0;38757.0;5512.40436454
2022-03-09;38764.0;42607.0;38692.1802019;41976.0;5964.74791466
2022-03-10;41968.0;42069.0;38633.0;39455.0;6674.44262231
2022-03-11;39454.0;40239.0;38230.0;38737.0;9566.69669053
2022-03-12;38739.0;39447.0;38679.0;38814.0;1808.25748321
2022-03-13;38815.0;39325.0;37577.0;37776.0;3421.05421289
2022-03-14;37779.0;40005.03139151;37450.0;39711.32170449;8046.79553486
2022-03-15;39717.0;39966.0;38168.0;39316.64988671;5302.75699661
2022-03-16;39323.0;41788.0;38878.0;41138.0;8543.69658494
2022-03-17;41139.0;41499.0;40542.0;40942.58383825;2285.09105917
2022-03-18;40949.46502595;42427.0;40161.0;41780.0;3772.95914338
2022-03-19;41772.27591881;42425.0;41438.0;42213.0;2136.73581864
2022-03-20;42212.66398374;42292.0;40931.0;41264.0;1809.3163101
2022-03-21;41263.0;41544.0;40544.0;41011.0;2622.81596049
2022-03-22;41010.41264944;43333.0;40878.0;42371.0;4998.62872368
2022-03-23;42370.0;42995.0;41750.0;42885.0;2752.41840077
2022-03-24;42886.85386804;44241.0;42587.0;44000.0;3782.16662869
2022-03-25;44000.0;45082.0;43606.0;44337.0;4362.02524817
2022-03-26;44336.0;44785.0;44112.0;44536.4262433;1313.71155451
2022-03-27;44536.21835356;46864.0;44439.0;46813.0;5654.91144131
2022-03-28;46810.0;48192.0;46663.38081286;47120.0;6384.62784845
2022-03-29;47120.0;48102.0;46952.0;47422.0;3378.87918621
2022-03-30;47423.96908156;47675.0;46446.0;47049.0;4297.72924204
2022-03-31;47048.94776884;47665.0;45190.19424317;45536.0;4657.79030751
2022-04-01;45535.78349408;46740.70525005;44234.0;46301.0;3960.99309931
2022-04-02;46301.01257854;47240.0;45636.0;45823.0;2274.2631833
2022-04-03;45820.0;47600.0;45505.0;46390.0;3013.04774219
2022-04-04;46388.0;46900.0;45111.0;46611.0;3446.09311427
2022-04-05;46594.0;47173.0;45359.0;45481.0;2585.94717668
2022-04-06;45490.44735913;45520.0;43162.0;43195.91199284;5843.58477414
2022-04-07;43194.82132932;43901.0;42804.0;43458.0;2401.33608676
2022-04-08;43441.0;43985.0;42137.0;42250.0;4365.48103272
2022-04-09;42249.61563447;42824.0;42137.0;42780.0;1922.58588921
2022-04-10;42780.0798286;44023.0;41933.0;42177.51505057;3028.1444129
2022-04-11;42181.0;42437.0;39223.0;39566.0;6702.28744991
2022-04-12;39560.17805141;40770.0;39300.0;40088.0;4107.28975545
2022-04-13;40096.0;41555.0;39607.0;41155.0;4568.13299248
2022-04-14;41166.0;41511.0;39575.0;39948.0;3165.40381653
2022-04-15;39948.01234606;40873.0;39777.0;40586.355501;2205.27017177
2022-04-16;40575.0;40717.0;40014.0;40408.0;1486.21866793
2022-04-17;40408.0;40624.0;39563.0;39707.55271232;1656.88920635
2022-04-18;39699.71930283;41127.50821203;38547.0;40822.0;4991.91603625
2022-04-19;40823.0;41777.0;40601.0;41518.32114382;2378.75004233
2022-04-20;41514.0;42223.0;40905.0;41364.0;3732.07837948
2022-04-21;41364.07177753;42989.0;39789.0;40502.0;4559.00776012
2022-04-22;40502.0;40799.0;39170.0;39726.0;4129.34404946
2022-04-23;39722.57093894;40103.0;39312.0;39444.0;1916.90519686
2022-04-24;39454.0;39973.0;38942.0;39480.58123889;2187.06343582
2022-04-25;39473.0;40635.0;38200.0;40455.53559827;6011.7813573
2022-04-26;40458.36692153;40809.0;37727.0;38132.0;4730.18433015
2022-04-27;38133.0;39496.0;37900.0;39263.0;4197.6820913
2022-04-28;39261.41542102;40383.0;38910.0;39757.81575497;4646.8631938
2022-04-29;39756.0;39927.17935766;38200.0;38600.0;3193.29252637
2022-04-30;38616.0;38811.0;37633.0;37660.0;2914.37976533
2022-05-01;37659.0;38714.0;37406.13888176;38496.07041811;3057.77199565
2022-05-02;38495.42135157;39208.80322028;38075.0;38521.0;3592.2370855
2022-05-03;38526.0;38673.49243394;37555.0;37752.0;3623.73736181
2022-05-04;37752.0;40046.0;37695.0;39708.11961676;5256.65194577
2022-05-05;39708.11961676;39850.0;35501.0;36577.0;9738.10355409
2022-05-06;36577.0;36685.0;35290.0;36040.0;7596.86317672
2022-05-07;36041.0;36170.0;34854.0;35506.0;3781.1818366
2022-05-08;35506.0;35541.0;33761.0;34064.0;6577.70603473
2022-05-09;34075.0;34277.0;30100.0;30140.0;21250.24561467
2022-05-10;30136.0;32687.0;29833.0;31072.0;14172.68220752
2022-05-11;31065.32759343;32227.0;27900.0;29149.0;28729.96505252
2022-05-12;29149.69356674;30270.0;26591.0;29078.0;34251.41050685
2022-05-13;29089.0;31136.0;28826.0;29305.0;8722.72459985
2022-05-14;29301.0;30416.94862318;28630.0;30099.0;4127.8304012
2022-05-15;30099.0;31500.0;29481.0;31318.0;2740.51347641
2022-05-16;31323.0;31324.08253275;29070.0;29864.0;4521.359073
2022-05-17;29868.0;30773.0;29433.51564009;30442.0;3074.95202119
2022-05-18;30440.0;30702.0;28632.1300395;28681.0;3948.70623024
2022-05-19;28685.0;30550.0;28670.0;30329.11483534;4490.0053088
2022-05-20;30329.0;30769.0;28702.0;29202.32017749;3939.37512565
2022-05-21;29203.0;29654.0;28937.0;29439.0;1275.34067011
2022-05-22;29439.0;30477.0;29238.0;30283.0;2684.69523307
2022-05-23;30279.0;30666.0;28863.0;29102.0;2788.89163361
2022-05-24;29102.0;29854.0;28652.02346923;29647.0;2906.30435094
2022-05-25;29648.0;30219.30951769;29333.0;29525.65891892;2152.87155813
2022-05-26;29522.0;29859.22423568;27978.0;29206.99009526;5540.827699
2022-05-27;29197.0;29384.0;28262.0;28609.29899389;4372.09266932
2022-05-28;28618.20387438;29269.0;28524.0;29037.32513873;1652.8381551100001
2022-05-29;29037.32513873;29699.25013822;28850.0;29476.0;2573.70613765
2022-05-30;29477.0;32503.0;29310.0;31726.27832771;7934.23941591
2022-05-31;31724.19964769;32407.93272565;31220.0;31785.0;2924.87337359
2022-06-01;31798.25894723;31974.1614267;29346.0;29833.0;4840.9294341
2022-06-02;29843.0;30719.0;29610.0;30478.0;5926.41549914
2022-06-03;30473.75559032;30708.17873851;29300.0;29730.0;3038.21426272
2022-06-04;29719.0;30028.0;29498.0;29874.0;1500.54135885
2022-06-05;29873.0;30245.0;29540.0;29923.41356674;1716.64203401
2022-06-06;29934.0;31775.0;29907.0;31371.83211454;4782.51790832
2022-06-07;31371.0;31591.0;29174.0;31137.0;6418.74611959
2022-06-08;31138.0;31339.0;29872.0;30226.0;2645.76937336
2022-06-09;30225.0;30711.83055338;29952.0;30112.15191487;2096.43578747
2022-06-10;30112.0;30395.0;28864.0;29103.0;4851.47200227
2022-06-11;29104.0;29456.0;28138.0;28433.0;3748.54002354
2022-06-12;28442.0;28558.26751191;26636.0;26636.0;8910.2412852
2022-06-13;26636.0;26951.0;21953.0;22500.0;42725.60923131
2022-06-14;22500.0;23377.0;20859.0;22143.77484;16457.01911196
2022-06-15;22143.0;22810.0;20073.0;22594.0;17555.04162824
2022-06-16;22594.0;23010.0;20248.0;20397.20710459;6742.63722117
2022-06-17;20400.0;21362.0;20250.0;20414.0;24019.88948504
2022-06-18;20413.0;20688.0;17605.0;18965.0;17929.96296158
2022-06-19;18964.0;20744.0;17950.0;20549.0;11679.3372113
2022-06-20;20543.45566385;21039.0;19626.0;20549.09798559;6689.14478825
2022-06-21;20554.0;21675.0;20327.0;20694.0;8182.10122228
2022-06-22;20689.23205291;20848.0;19730.0;19944.0;7258.55352681
2022-06-23;19952.0;21179.0;19855.0;21074.0;6144.6869305
2022-06-24;21076.0;21549.0;20704.0;21229.0;5796.70789434
2022-06-25;21229.0;21594.0;20893.0;21473.0;2299.47417038
2022-06-26;21479.0;22020.0;20980.0;21056.0;2802.79524656
2022-06-27;21054.89482996;21534.0;20515.0;20718.0;2791.20132445
2022-06-28;20734.0;21208.0;20194.0;20272.0;2388.91600343
2022-06-29;20271.0;20430.0;19844.0;20111.0;3381.7164222
2022-06-30;20112.0;20157.0;18638.0;19944.0;5746.57362624
2022-07-01;19943.0;20959.0;18962.0;19286.0;5191.73816783
2022-07-02;19281.0;19445.0;18980.0;19230.0;1666.15181138
2022-07-03;19230.0;19666.0;18774.0;19308.0;2354.83049198
2022-07-04;19307.29593377;20343.0;19050.0;20231.0;3546.1260629
2022-07-05;20233.0;20736.0;19287.0;20169.0;4449.01676208
2022-07-06;20168.28749762;20665.61764153;19758.0;20557.05483986;4319.28182021
2022-07-07;20551.24599564;21816.0;20253.0;21593.0;5596.3818165
2022-07-08;21597.0;22425.0;21172.0;21590.0;11597.73012881
2022-07-09;21587.17550637;21976.0;21318.0;21575.75757576;2195.876309
2022-07-10;21576.1046085;21590.54000409;20669.0;20854.59638401;2883.47589323
2022-07-11;20869.0;20869.0;19872.0;19944.0;6609.83557944
2022-07-12;19945.0;20038.23365274;19216.56633301;19310.53347612;6778.02715371
2022-07-13;19308.0;20347.0;18912.59691993;20246.0;11999.95366991
2022-07-14;20232.0;21026.0;19625.0;20582.0;6058.89892101
2022-07-15;20580.88162175;21195.0;20373.0;20820.0;3590.87123208
2022-07-16;20820.0;21606.0;20474.0;21224.0;3402.47155942
2022-07-17;21211.8461135;21666.0;20750.0;20787.94254165;3168.24979054
2022-07-18;20791.0;22780.0;20763.0;22437.0;8517.27037735
2022-07-19;22436.0;23800.0;21592.0;23388.0;10213.33022573
2022-07-20;23384.0;24276.0;22905.0;23209.0;8437.29881318
2022-07-21;23214.24295395;23423.0;22350.0;23151.82385576;8123.80126949
2022-07-22;23150.0;23732.0;22515.0;22681.0;5071.25903937
2022-07-23;22685.0;22995.0;21943.0;22448.0;2691.6338978100002
2022-07-24;22442.0;23006.0;22261.0;22580.43244993;2343.64074007
2022-07-25;22578.0;22663.27985526;21260.0;21297.0;4422.25580828
2022-07-26;21305.0;21338.0;20724.0;21262.0;4431.0854559
2022-07-27;21268.0;23100.0;21056.0;22951.0;7469.46347531
2022-07-28;22953.21189857;24180.0;22594.0;23848.0;6627.27184448
2022-07-29;23844.17675427;24444.0;23450.0;23764.0;5026.66429676
2022-07-30;23782.0;24736.0;23512.0;23639.0;4296.07914196
2022-07-31;23640.26790736;24211.0;23233.0;23294.0;3146.59578812
2022-08-01;23291.0;23499.33892049;22879.0;23256.43130738;5578.70969505
2022-08-02;23256.0;23466.0;22676.0;22986.0;4219.45121887
2022-08-03;22982.0;23634.09748227;22680.0;22813.87370738;4747.35128105
2022-08-04;22813.21307165;23214.0;22390.0;22611.73420504;4596.64364936
2022-08-05;22611.0;23479.0;22593.47884997;23312.0;7080.90663896
2022-08-06;23312.0;23341.25695438;22898.0;22930.0;1264.41016065
2022-08-07;22929.97521111;23435.0;22836.0;23177.92133232;2154.19289338
2022-08-08;23177.92133232;24224.0;23163.96340701;23817.0;2895.58018395
2022-08-09;23817.0;23913.0;22888.0;23142.0;4071.35789569
2022-08-10;23141.0;24227.0;22650.0;23954.17992196;8778.67394799
2022-08-11;23954.0;24900.0;23861.0;23931.54283369;5883.13974967
2022-08-12;23932.0;24470.0;23600.0;24401.0;3558.00669665
2022-08-13;24399.0;24900.0;24284.0;24425.0;4048.31720037
2022-08-14;24435.0;25068.0;24143.0;24300.0;2743.94283279
2022-08-15;24303.0;25205.0;23758.0;24094.0;8933.80935453
2022-08-16;24091.0;24234.10623656;23679.0;23856.0;2768.31191499
2022-08-17;23855.76464293;24440.0;23170.0;23332.48537268;6126.2164096
2022-08-18;23332.0;23600.0;23115.0;23204.0;3026.71088806
2022-08-19;23194.0;23199.0;20790.0;20835.0;9533.3997166
2022-08-20;20832.0;21370.0;20769.0;21141.0;2041.60712664
2022-08-21;21139.0;21800.0;21070.0;21511.72749449;2311.5187941
2022-08-22;21514.0;21537.0;20908.0;21395.0;3444.33487236
2022-08-23;21396.0;21685.0;20908.0;21519.0;4918.92915838
2022-08-24;21528.0;21930.0;21157.0;21365.61149467;5411.41035858
2022-08-25;21372.50137535;21816.0;21318.0;21563.0;3218.0808925
2022-08-26;21562.63485514;21874.0;20133.0;20262.0;11229.49273807
2022-08-27;20256.46139587;20386.0;19773.0;20049.0;2549.3340885
2022-08-28;20044.0;20169.0;19540.0;19571.0;3231.72255428
2022-08-29;19570.9358742;20427.0;19561.0;20307.0;4134.17831509
2022-08-30;20299.0;20589.0;19574.0;19824.0;5330.65775213
2022-08-31;19825.0;20495.0;19812.0;20058.0;4639.06519436
2022-09-01;20056.01071509;20212.0;19581.0;20144.0;5936.72590001
2022-09-02;20142.41710996;20441.42260626;19764.0;19970.0;6295.63274093
2022-09-03;19969.84380935;20063.72915111;19646.41290961;19835.0;1646.35715086
2022-09-04;19833.70674633;20039.0;19589.0;20003.0;2041.76079644
2022-09-05;20004.0;20060.0;19637.0;19788.90905518;2245.97016964
2022-09-06;19789.0;20183.0;18675.0;18794.0;12116.51834155
2022-09-07;18794.0;19463.0;18549.0;19286.0;6187.57604071
2022-09-08;19286.0;19460.0;19029.17130173;19321.99343392;8224.40792398
2022-09-09;19323.45389847;21590.0;19304.35664047;21373.0;11992.54666927
2022-09-10;21373.0;21802.0;21139.0;21656.0;5370.35232387
2022-09-11;21654.41794906;21854.0;21359.0;21834.0;2242.68662294
2022-09-12;21832.92465912;22480.0;21553.0;22395.0;7836.1847186
2022-09-13;22395.0;22794.0;19883.0;20175.11037941;16056.89327614
2022-09-14;20177.0;20536.0;19624.0;20234.10830414;8264.89281368
2022-09-15;20236.0;20330.0;19507.96149205;19714.0;4226.66522096
2022-09-16;19717.0;19894.0;19347.0;19813.31437099;6949.50051132
2022-09-17;19813.0;20212.0;19757.0;20124.67868232;13666.51634841
2022-09-18;20124.67868232;20125.0;19350.08803832;19417.99098587;2426.04006654
2022-09-19;19418.0;19694.0;18256.0;19544.5149091;11969.11567367
2022-09-20;19544.0;19635.0;18754.0;18886.62342906;9666.80063656
2022-09-21;18886.0;19981.0;18210.0;18473.0;17615.84646342
2022-09-22;18473.0;19524.0;18377.0;19413.0;28283.72934881
2022-09-23;19411.87732991;19512.0;18551.0;19299.0;14545.46472833
2022-09-24;19298.0;19315.0;18822.0;18935.0;1329.0663718
2022-09-25;18934.0;19188.0;18646.0;18817.0;4115.31507078
2022-09-26;18819.0;19333.0;18694.0;19235.0;43750.60771788
2022-09-27;19233.0;20385.0;18838.0;19096.59592432;14959.1232392
2022-09-28;19096.0;19791.0;18478.0;19419.0;16055.07791697
2022-09-29;19419.45237404;19652.0;18859.0;19589.0;8402.26872871
2022-09-30;19589.0;20181.0;19154.0;19429.98970855;11704.04341257
2022-10-01;19429.0;19485.0;19157.0;19316.0;937.39913459
2022-10-02;19314.0;19396.0;18943.0;19066.91978561;3162.00685088
2022-10-03;19067.0;19708.0;18980.0;19632.0;10893.50637334
2022-10-04;19635.0;20543.0;19502.0;20344.0;8466.07599474
2022-10-05;20344.0;20363.0;19750.0;20156.31380734;6991.43228878
2022-10-06;20156.0;20455.0;19866.0;19960.0;6430.41312749
2022-10-07;19959.0;20059.0;19334.0;19532.6194523;7678.06746956
2022-10-08;19532.6194523;19626.0;19250.0;19418.0113733;1226.55182775
2022-10-09;19418.0;19553.0;19326.0;19444.42907034;1124.66315236
2022-10-10;19441.0;19526.95886111;19000.0;19128.0;4690.30653024
2022-10-11;19127.0;19260.0;18856.7741059;19063.0;8838.79191152
2022-10-12;19063.0;19233.0;19025.0;19160.0;3483.93653853
2022-10-13;19155.0;19515.0;18161.0;19385.0;6275.90512443
2022-10-14;19382.0;19947.0;19088.0;19186.0;2566.18717746
2022-10-15;19183.0;19227.0;18991.0;19071.0;737.28267116
2022-10-16;19073.0;19428.0;19067.0;19267.0;781.686293
2022-10-17;19268.0;19684.0;19166.0;19554.0;1449.18466971
2022-10-18;19557.0;19709.0;19100.0;19334.0;2116.25503321
2022-10-19;19332.0;19361.0;19081.0;19132.0;859.25906289
2022-10-20;19131.0;19355.0;18900.0;19058.0;1274.48233507
2022-10-21;19057.0;19260.0;18673.0;19175.0;1190.75086317
2022-10-22;19175.0;19278.0;19124.0;19219.0;753.36972646
2022-10-23;19219.0;19707.0;19086.0;19585.0;1517.43885563
2022-10-24;19586.0;19615.0;19174.0;19340.0;1311.9384686
2022-10-25;19339.0;20432.0;19251.0;20104.0;2757.98414579
2022-10-26;20105.0;21022.0;20077.0;20790.0;3903.78197835
2022-10-27;20788.0;20892.0;20191.0;20301.0;2750.13346228
2022-10-28;20305.0;20767.0;20033.0;20611.0;2281.25709563
2022-10-29;20610.0;21091.0;20576.0;20833.0;1828.95764182
2022-10-30;20833.0;20950.0;20532.0;20647.0;1087.35864139
2022-10-31;20649.0;20860.0;20257.0;20509.0;1712.26538333
2022-11-01;20508.0;20699.0;20340.0;20500.0;1668.46571335
2022-11-02;20501.0;20817.0;20078.0;20165.0;2579.85025072
2022-11-03;20166.0;20404.0;20052.0;20223.0;1243.51107371
2022-11-04;20223.0;21298.0;20206.0;21165.0;3812.59014626
2022-11-05;21165.0;21470.0;21100.0;21313.0;1618.15101076
2022-11-06;21316.0;21378.0;20900.0;20932.0;1354.49895193
2022-11-07;20932.0;21083.0;20421.0;20609.0;1843.19820984
2022-11-08;20609.0;20712.0;16950.0;18559.0;20516.06887816
2022-11-09;18557.0;18600.0;15588.0;15923.0;18084.79913993
2022-11-10;15928.0;18156.0;15760.0;17585.0;20732.46265973
2022-11-11;17584.0;17671.0;16355.0;17047.0;8033.4478861
2022-11-12;17056.0;17106.0;16635.0;16820.0;1247.83120298
2022-11-13;16815.0;16956.0;16255.0;16345.0;2540.91851039
2022-11-14;16344.0;17200.0;15822.0;16626.0;6708.64459238
2022-11-15;16625.0;17132.0;16543.0;16886.0;6530.20499698
2022-11-16;16887.0;17002.0;16347.0;16654.0;4385.12252046
2022-11-17;16653.0;16735.0;16410.0;16683.0;1480.45378735
2022-11-18;16683.0;16977.0;16546.0;16685.0;1987.00667074
2022-11-19;16682.0;16811.0;16538.0;16695.0;606.59659263
2022-11-20;16692.0;16742.0;16184.0;16278.0;1175.94048835
2022-11-21;16278.0;16305.0;15487.0;15765.0;4309.95539085
2022-11-22;15766.0;16294.0;15616.0;16217.0;3198.97092976
2022-11-23;16219.0;16682.0;16168.0;16613.0;2896.16845681
2022-11-24;16608.0;16804.0;16463.0;16606.0;1205.91923577
2022-11-25;16603.0;16617.0;16354.0;16519.0;1163.74575995
2022-11-26;16520.0;16697.0;16389.0;16460.0;775.87560035
2022-11-27;16460.0;16603.0;16410.0;16435.0;493.94692482
2022-11-28;16436.0;16487.0;16002.0;16214.0;1743.74434388
2022-11-29;16216.0;16545.0;16101.0;16452.0;1631.52526049
2022-11-30;16454.0;17297.0;16446.0;17180.0;2726.56162025
2022-12-01;17181.0;17335.0;16872.0;16980.0;1561.74921732
2022-12-02;16982.0;17100.0;16789.0;17090.0;1532.30974454
2022-12-03;17091.0;17144.0;16865.0;16889.0;690.86833849
2022-12-04;16890.0;17210.0;16885.0;17127.0;1409.18709628
2022-12-05;17127.0;17436.0;16886.0;16975.0;1459.04614074
2022-12-06;16974.0;17109.0;16908.0;17094.0;772.00207091
2022-12-07;17095.0;17156.0;16701.0;16846.0;1071.00042806
2022-12-08;16846.0;17323.0;16756.0;17246.0;1755.38052136
2022-12-09;17247.0;17366.0;17053.0;17137.0;1423.8800462
2022-12-10;17137.0;17240.0;17104.0;17133.0;370.29363467
2022-12-11;17132.0;17503.0;17092.0;17110.0;2066.61096785
2022-12-12;17101.0;17263.0;16879.0;17229.0;2467.86301939
2022-12-13;17230.0;18000.0;17102.0;17785.0;5962.60699033
2022-12-14;17786.0;18391.0;17678.0;17813.0;3086.58922678
2022-12-15;17816.0;17867.0;17299.0;17373.0;1915.6422365
2022-12-16;17372.0;17544.0;16550.0;16642.0;3008.41204032
2022-12-17;16648.0;16811.0;16609.0;16793.0;1230.26430418
2022-12-18;16794.0;16872.0;16678.0;16755.0;612.42713726
2022-12-19;16756.0;16825.0;16261.0;16447.0;2037.03807763
2022-12-20;16448.0;17066.0;16413.0;16924.0;1460.88434767
2022-12-21;16917.0;16934.0;16750.0;16845.0;789.52589881
2022-12-22;16840.0;16873.0;16588.0;16838.0;768.16857733
2022-12-23;16838.0;16966.0;16770.0;16802.0;529.86844101
2022-12-24;16802.0;16891.0;16802.0;16864.0;399.80652616
2022-12-25;16864.0;16874.0;16723.0;16847.0;377.42038155
2022-12-26;16848.0;16963.0;16814.0;16946.0;323.1009698
2022-12-27;16947.0;16987.0;16617.0;16720.0;937.73422557
2022-12-28;16719.0;16797.0;16444.0;16558.0;1592.43561721
2022-12-29;16558.0;16675.0;16505.0;16658.0;417.59643157
2022-12-30;16658.0;16667.0;16358.0;16618.0;1298.14290497
2022-12-31;16618.0;16664.0;16507.0;16564.0;599.66017255
2023-01-01;16569.0;16644.0;16517.0;16643.0;242.50160663
2023-01-02;16643.0;16803.0;16584.0;16690.0;599.35510948
2023-01-03;16689.0;16810.0;16625.0;16689.0;1577.92504173
2023-01-04;16689.0;17008.0;16671.0;16864.0;1120.44405271
2023-01-05;16864.0;16888.0;16775.0;16842.0;569.7985385
2023-01-06;16842.0;17200.0;16687.0;16968.0;1821.67529585
2023-01-07;16967.0;16990.0;16924.0;16958.0;282.76841858
2023-01-08;16958.0;17181.0;16930.0;17140.0;812.35269727
2023-01-09;17141.0;17400.0;17123.0;17185.0;1584.178789
2023-01-10;17186.0;17506.0;17155.0;17445.0;808.35711536
2023-01-11;17446.0;18009.0;17316.0;17952.0;2227.30782998
2023-01-12;17953.0;19112.0;17866.0;18856.0;5321.53349096
2023-01-13;18855.0;20000.0;18725.0;19930.0;3035.10363096
2023-01-14;19935.0;21378.0;19897.0;20966.0;6061.6721938
2023-01-15;20964.0;21055.0;20566.0;20882.0;1541.86842995
2023-01-16;20882.0;21469.0;20639.0;21197.0;3247.95607983
2023-01-17;21198.0;21586.0;20853.0;21136.0;2057.93558472
2023-01-18;21136.0;21639.0;20408.0;20684.0;3188.07632395
2023-01-19;20675.0;21187.0;20670.0;21080.0;901.34860514
2023-01-20;21080.0;22743.0;20856.0;22670.0;2884.92037467
2023-01-21;22670.0;23353.0;22427.0;22775.0;3600.42349164
2023-01-22;22775.0;23072.0;22310.0;22713.0;1519.98018751
2023-01-23;22713.0;23169.0;22497.0;22910.0;1859.39299232
2023-01-24;22912.0;23154.0;22437.0;22627.0;1877.23264356
2023-01-25;22627.0;23812.0;22324.0;23054.0;3742.52827073
2023-01-26;23054.0;23273.0;22853.0;23004.0;1404.76161017
2023-01-27;23005.0;23486.0;22533.0;23067.0;2247.41488427
2023-01-28;23066.0;23181.0;22876.0;23029.0;1406.06685355
2023-01-29;23028.0;23962.0;23000.0;23746.0;4238.64618824
2023-01-30;23743.0;23785.0;22500.0;22830.0;2951.17457319
2023-01-31;22830.0;23297.0;22730.0;23135.0;1988.19607648
2023-02-01;23136.0;23814.0;22757.0;23723.0;2127.92483576
2023-02-02;23724.0;24240.0;23385.0;23491.0;2831.61207564
2023-02-03;23487.0;23708.0;23230.0;23433.0;1923.93720419
2023-02-04;23433.0;23580.0;23248.0;23315.0;584.20351345
2023-02-05;23314.0;23419.0;22777.0;22932.0;1436.99209343
2023-02-06;22935.0;23145.0;22620.0;22755.0;1080.80512025
2023-02-07;22754.0;23350.0;22742.0;23246.0;1196.25968572
2023-02-08;23245.0;23430.0;22691.0;22957.0;1354.2193362
2023-02-09;22957.0;23003.0;21700.0;21800.0;3309.41589238
2023-02-10;21799.0;21937.0;21500.0;21641.0;1470.20646874
2023-02-11;21641.0;21907.0;21614.0;21865.0;356.98025899
2023-02-12;21865.0;22096.0;21666.0;21796.0;1264.85618416
2023-02-13;21793.0;21905.0;21354.0;21773.0;3084.17309913
2023-02-14;21773.0;22339.0;21555.0;22198.0;1438.23082697
2023-02-15;22197.0;24393.0;22063.0;24318.0;2373.87011716
2023-02-16;24325.0;25234.0;23526.0;23529.0;4641.95356863
2023-02-17;23525.0;25023.0;23350.0;24582.0;4173.39457899
2023-02-18;24580.0;24878.0;24450.0;24633.0;628.50327612
2023-02-19;24634.0;25209.0;24221.0;24284.0;2721.31731927
2023-02-20;24281.0;25114.0;23862.0;24835.0;2020.7429041
2023-02-21;24834.0;25227.0;24172.0;24466.0;3552.86317384
2023-02-22;24466.0;24485.0;23578.0;24191.0;3335.13051558
2023-02-23;24191.0;24600.0;23622.0;23950.0;2241.92626877
2023-02-24;23958.0;24150.0;22873.0;23200.0;3450.62588589
2023-02-25;23197.0;23223.0;22810.0;23178.0;1115.2336105
2023-02-26;23178.0;23673.0;23083.0;23561.0;771.60985675
2023-02-27;23560.0;23891.0;23131.0;23502.0;1838.33895462
2023-02-28;23503.0;23615.0;23066.0;23142.0;1437.33108616
2023-03-01;23146.0;24009.0;23036.0;23646.0;1372.16718746
2023-03-02;23645.0;23800.0;23205.0;23472.0;700.91860008
2023-03-03;23474.0;23482.0;21910.0;22362.0;2988.8365216
2023-03-04;22362.0;22406.0;22176.0;22345.0;410.84223982
2023-03-05;22346.0;22660.0;22200.0;22431.0;434.29209452
2023-03-06;22430.0;22591.0;22278.0;22405.0;892.5797623
2023-03-07;22405.0;22554.0;21950.0;22209.0;1839.87978788
2023-03-08;22209.0;22291.0;21590.0;21713.0;1749.76495294
2023-03-09;21712.0;21836.0;20086.0;20381.0;3785.66297745
2023-03-10;20381.0;20382.0;19592.0;20201.0;4644.72712656
2023-03-11;20200.0;20789.0;19863.0;20529.0;6804.59953152
2023-03-12;20530.0;22193.0;20357.0;22083.0;5613.2705501
2023-03-13;22091.0;24600.0;21878.0;24183.0;7005.64861226
2023-03-14;24188.0;26529.0;24060.0;24735.0;9607.08087005
2023-03-15;24730.0;25324.0;23931.0;24321.0;2632.3823115
2023-03-16;24330.0;25213.0;24186.0;25061.0;2418.12626031
2023-03-17;25054.0;27563.0;24954.0;27351.0;9816.30527876
2023-03-18;27352.0;27621.0;26547.0;26914.0;3081.77889399
2023-03-19;26916.0;28342.0;26838.0;27943.0;4338.09054239
2023-03-20;27947.0;28439.0;27130.0;27714.0;2701.6770114
2023-03-21;27713.0;28435.0;27312.0;28112.0;1662.37542875
2023-03-22;28111.0;28818.0;26591.0;27258.0;3933.61903279
2023-03-23;27258.0;28772.0;27094.0;28304.0;3122.92747618
2023-03-24;28308.0;28376.0;27000.0;27461.0;1918.17413209
2023-03-25;27463.0;27810.0;27164.0;27478.0;857.77849262
2023-03-26;27472.0;28227.0;27438.0;27978.0;1171.87739281
2023-03-27;27985.0;28027.0;26536.0;27127.0;1939.31938559
2023-03-28;27127.0;27529.0;26636.0;27265.0;1438.77990481
2023-03-29;27266.0;28649.0;27253.0;28345.0;2119.55735964
2023-03-30;28344.0;29171.0;27677.0;28021.0;2681.50715561
2023-03-31;28021.0;28651.0;27504.0;28460.0;1322.02079007
2023-04-01;28454.0;28817.0;28201.0;28443.0;863.18303552
2023-04-02;28443.0;28515.0;27839.0;28173.0;1002.57160986
2023-04-03;28173.0;28500.0;27213.0;27795.0;2640.09112717
2023-04-04;27795.0;28449.0;27671.0;28154.0;1082.42736342
2023-04-05;28153.0;28801.0;27828.0;28153.0;1517.40828604
2023-04-06;28152.0;28164.0;27717.0;28019.0;881.13707115
2023-04-07;28019.0;28083.0;27755.0;27889.0;334.33400667
2023-04-08;27889.0;28151.0;27833.0;27901.0;402.16426704
2023-04-09;27908.0;28521.0;27767.0;28320.0;683.02265836
2023-04-10;28320.0;29724.0;28136.0;29613.0;2236.41963499
2023-04-11;29614.0;30494.0;29579.0;30190.0;2754.39663897
2023-04-12;30189.0;30468.0;29677.0;29879.0;1687.86914403
2023-04-13;29884.0;30563.0;29867.0;30389.0;1432.01214334
2023-04-14;30385.0;30968.0;30001.0;30462.0;2594.76974294
2023-04-15;30462.0;30575.0;30192.0;30278.0;795.48977279
2023-04-16;30278.0;30623.0;30103.0;30286.0;1840.92587672
2023-04-17;30285.0;30290.0;29262.0;29437.0;2045.00149469
2023-04-18;29437.0;30527.0;29169.0;30391.0;1933.90813253
2023-04-19;30392.0;30412.0;28582.0;28818.0;3764.84774682
2023-04-20;28809.0;29098.0;28012.0;28248.0;1545.08936357
2023-04-21;28251.0;28381.0;27155.0;27287.0;1372.53717278
2023-04-22;27287.0;27885.0;27163.0;27826.0;708.31711375
2023-04-23;27827.0;27827.0;27333.0;27612.0;694.66351379
2023-04-24;27611.0;28007.0;26978.0;27522.0;1380.72080045
2023-04-25;27522.0;28394.0;27210.0;28324.0;977.77922175
2023-04-26;28325.0;30034.0;27234.0;28427.0;3455.87588136
2023-04-27;28425.0;29888.0;28395.0;29479.0;1887.16853223
2023-04-28;29486.0;29589.0;28911.0;29338.0;1404.89643671
2023-04-29;29338.0;29467.0;29059.0;29253.0;345.32705268
2023-04-30;29252.0;29974.0;29113.0;29254.0;1373.60238417
2023-05-01;29263.0;29347.0;27692.0;28101.0;1802.40279976
2023-05-02;28101.0;28888.0;27901.0;28679.0;1243.74459575
2023-05-03;28680.0;29282.0;28129.0;29037.0;1030.17289186
2023-05-04;29043.0;29412.0;28700.0;28844.0;805.73839694
2023-05-05;28854.0;29691.0;28816.0;29526.0;1413.83029846
2023-05-06;29526.0;29847.0;28405.0;28909.0;1147.23732946
2023-05-07;28909.0;29188.0;28458.0;28484.0;639.097333
2023-05-08;28485.0;28686.0;27309.0;27701.0;1585.79705506
2023-05-09;27701.0;27846.0;27383.0;27668.0;750.77827691
2023-05-10;27668.0;28340.0;26850.0;27622.0;1704.38242039
2023-05-11;27625.0;27654.0;26795.0;27016.0;1785.36159658
2023-05-12;27006.0;27125.0;25857.0;26818.0;1824.92915107
2023-05-13;26821.0;27071.0;26713.0;26790.0;349.29437352
2023-05-14;26796.0;27205.0;26603.0;26937.0;366.67427275
2023-05-15;26939.0;27674.0;26741.0;27196.0;977.0813253
2023-05-16;27188.0;27313.0;26892.0;27054.0;798.73985391
2023-05-17;27058.0;27532.0;26612.0;27425.0;1877.57161985
2023-05-18;27431.0;27506.0;26413.0;26860.0;1587.37005105
2023-05-19;26859.0;27219.0;26667.0;26911.0;327.36219252
2023-05-20;26910.0;27168.0;26863.0;27126.0;184.40894414
2023-05-21;27126.0;27297.0;26693.0;26760.0;523.51451195
